title,type,question,A,B,C,D,answer,image,explanation
F4 Chp 1,radio,JohorSet_Q01,A,B,C,D,B,Johor Set 1/Picture1.png,"中文：MASB 负责制定和发布马来西亚会计准则；MIA 主要监管会计专业。
Bahasa Melayu: MASB menggubal dan menerbitkan piawaian perakaunan di Malaysia; MIA mengawal selia profesion perakaunan."
F4 Chp 1,radio,JohorSet_Q01,A,B,C,D,D,Johor Set 2/Picture1.png,"中文：审计员核查商业凭证与会计记录，并确认记录及报表是否准确。
Bahasa Melayu: Juruaudit menyemak dokumen perniagaan dan mengesahkan ketepatan rekod perakaunan."
F4 Chp 1,radio,Kedah_Q01,A,B,C,D,B,Kedah/Picture1.png,"中文：会计循环最后把调整后的试算表资料编成财务报表。
Bahasa Melayu: Langkah akhir kitaran perakaunan ialah menyediakan Penyata Kewangan daripada Imbangan Duga Terselaras."
F4 Chp 1,radio,Kelantan_Q01,A,B,C,D,C,Kelantan/Picture1.png,"中文：管理层属于企业内部人员，利用财务报表作经营决策，因此是内部使用者。
Bahasa Melayu: Pihak pengurusan ialah pengguna dalaman yang menggunakan penyata kewangan untuk keputusan perniagaan."
F4 Chp 1,radio,KelantanYik_Q01,A,B,C,D,D,Kelantan YIK/Picture1.png,"中文：管理会计为内部使用者提供规划、控制和经营决策所需资料。
Bahasa Melayu: Perakaunan pengurusan menyediakan maklumat untuk pengguna dalaman bagi perancangan, kawalan dan keputusan."
F4 Chp 1,radio,NegeriSembilan_Q01,A,B,C,D,B,Negeri Sembilan/Picture1.png,"中文：历史成本原则保留车辆购买成本 RM95,000，而不是改记市场估价 RM70,000；折旧另行处理。
Bahasa Melayu: Prinsip kos mengekalkan kos belian kenderaan RM95,000; perubahan harga pasaran tidak menggantikan kos asal."
F4 Chp 1,radio,Pahang_Q01,A,B,C,D,B,Pahang/Picture1.png,"中文：审计检查交易凭证和财务记录，确认会计资料正确可靠。
Bahasa Melayu: Pengauditan memeriksa dokumen perniagaan dan rekod kewangan untuk mengesahkan ketepatan maklumat perakaunan."
F4 Chp 1,radio,Perak_Q01,A,B,C,D,B,Perak/Picture1.png,"中文：马来西亚会计师协会负责监管和推广会计专业。
Bahasa Melayu: MIA mengawal dan memperkenalkan profesion perakaunan di Malaysia."
F4 Chp 1,radio,Perlis_Q01,A,B,C,D,C,Perlis/Picture1.png,"中文：会计流程依次为原始凭证、原始分录簿、分类账、调整及财务报表。
Bahasa Melayu: Kitaran perakaunan bermula dengan dokumen sumber, buku catatan pertama, lejar, pelarasan dan penyata kewangan."
F4 Chp 1,radio,Selangor_Q01,A,B,C,D,D,Selangor/Picture1.png,"中文：管理会计为企业内部人员提供规划、控制及生产管理资料。
Bahasa Melayu: Perakaunan pengurusan menyediakan maklumat perancangan, kawalan dan pengurusan pengeluaran untuk pengguna dalaman."
F4 Chp 1,radio,Terengganu_Q01,A,B,C,D,D,Terengganu/Picture1.png,"中文：利润分配账户用于合伙企业，不属于独资企业的财务报表组成部分。
Bahasa Melayu: Akaun Pengasingan Untung Rugi disediakan oleh perkongsian, bukan komponen penyata kewangan milikan tunggal."
F4 Chp 1,radio,JohorSet_Q02,A,B,C,D,D,Johor Set 1/Picture2.png,"中文：管理层在企业内部使用财务报表作规划和决策，因此是内部使用者。
Bahasa Melayu: Pihak pengurusan ialah pengguna dalaman yang menggunakan penyata kewangan untuk perancangan dan keputusan."
F4 Chp 1,radio,JohorSet_Q02,A,B,C,D,D,Johor Set 2/Picture2.png,"中文：真实表述要求财务资料忠实、准确反映实际情况，而不仅是及时或相关。
Bahasa Melayu: Perwakilan benar bermaksud maklumat mencerminkan keadaan sebenar dengan jujur dan tepat."
F4 Chp 1,radio,Kedah_Q02,A,B,C,D,B,Kedah/Picture2.png,"中文：从 2024 年 9 月 1 日起六个月为 9 月至次年 2 月，结束日期为 2025 年 2 月 28 日。
Bahasa Melayu: Enam bulan bermula 1 September 2024 meliputi September hingga Februari, lalu berakhir pada 28 Februari 2025."
F4 Chp 1,radio,Kelantan_Q02,A,B,C,D,D,Kelantan/Picture2.png,"中文：本期应付未付的费用也纳入本期报表，符合收入与费用确认原则和应计基础。
Bahasa Melayu: Utiliti belum bayar diiktiraf dalam tempoh berkaitan mengikut prinsip pengiktirafan hasil dan belanja."
F4 Chp 1,radio,KelantanYik_Q02,A,B,C,D,A,Kelantan YIK/Picture2.png,"中文：供应商和银行是企业外部使用者；管理层和业主属于内部使用者，因此 I 和 II 正确。
Bahasa Melayu: Pembekal dan pihak bank ialah pengguna luaran; pihak pengurusan serta pemilik ialah pengguna dalaman. I dan II betul."
F4 Chp 1,radio,NegeriSembilan_Q02,A,B,C,D,C,Negeri Sembilan/Picture2.png,"中文：会计循环先有原始凭证，再记原始记录簿，之后处理调整并作结账记录，所以 C 的顺序正确。
Bahasa Melayu: Urutan betul ialah Dokumen Sumber, Buku Catatan Pertama, Pelarasan dan Catatan Penutupan, seperti C."
F4 Chp 1,radio,Pahang_Q02,A,B,C,D,C,Pahang/Picture2.png,"中文：古埃及以 calamus 芦苇笔在 papyrus 纸草上记录，因此选 II 和 III。
Bahasa Melayu: Rekod di Mesir menggunakan calamus sebagai alat tulis dan papyrus sebagai bahan catatan, iaitu II dan III."
F4 Chp 1,radio,Perak_Q02,A,B,C,D,D,Perak/Picture2.png,"中文：按购入成本记录货车体现成本原则；持续使用同一种直线折旧法体现一致性。
Bahasa Melayu: Merekod lori pada kos belian mematuhi prinsip kos; penggunaan kaedah garis lurus secara berterusan mematuhi ketekalan, iaitu III dan IV."
F4 Chp 1,radio,Perlis_Q02,A,B,C,D,D,Perlis/Picture2.png,"中文：本期租金须包括已发生但尚未支付的 RM100，体现收入及费用确认原则。
Bahasa Melayu: Sewa semasa termasuk RM100 yang telah berlaku tetapi belum dibayar, mengikut prinsip pengiktirafan hasil dan belanja."
F4 Chp 1,radio,Selangor_Q02,A,B,C,D,B,Selangor/Picture2.png,"中文：业主住宅租金是私人开支，企业替他支付须记提款，符合独立个体假设。
Bahasa Melayu: Sewa kediaman pemilik ialah belanja peribadi dan dicatat sebagai ambilan, mematuhi andaian entiti berasingan."
F4 Chp 1,radio,Terengganu_Q02,A,B,C,D,B,Terengganu/Picture2.png,"中文：资产按原购入成本记录，而非随市场价格改变，符合成本原则。
Bahasa Melayu: Aset direkod pada kos belian asal walaupun harga pasaran berubah, mematuhi prinsip kos."
F4 Chp 1,radio,JohorSet_Q03,A,B,C,D,B,Johor Set 1/Picture3.png,"中文：假设企业会在可预见的未来持续经营，称为持续经营假设。
Bahasa Melayu: Andaian usaha berterusan menganggap perniagaan terus beroperasi untuk tempoh yang tidak terbatas."
F4 Chp 1,radio,JohorSet_Q03,A,B,C,D,C,Johor Set 2/Picture3.png,"中文：私人车辆转入企业须作为追加资本，体现业主与企业是分开的会计主体。
Bahasa Melayu: Entiti berasingan memisahkan pemilik daripada perniagaan; kenderaan peribadi yang dimasukkan direkod sebagai modal tambahan."
F4 Chp 1,radio,KelantanYik_Q03,A,B,C,D,B,Kelantan YIK/Picture3.png,"中文：历史成本原则以购买成本 RM100,000 记录车辆，而不是因市价变 RM80,000 便改成本。
Bahasa Melayu: Prinsip kos merekod kenderaan pada kos belian RM100,000, bukannya harga pasaran RM80,000."
F4 Chp 1,radio,Pahang_Q03,A,B,C,D,D,Pahang/Picture3.png,"中文：费用按本期发生额确认，包括尚未支付的 RM100，体现收入与费用确认原则。
Bahasa Melayu: Belanja diiktiraf apabila berlaku, termasuk RM100 belum dibayar, mengikut prinsip pengiktirafan hasil dan belanja."
F4 Chp 1,radio,Selangor_Q03,A,B,C,D,A,Selangor/Picture3.png,"中文：按本题课本列示，合作社成员至少50人、责任有限，并以股息分配盈余。
Bahasa Melayu: Mengikut ciri yang digunakan dalam soalan, koperasi mempunyai sekurang-kurangnya 50 anggota, liabiliti terhad dan agihan keuntungan sebagai dividen."
F4 Chp 1,radio,Terengganu_Q03,A,B,C,D,C,Terengganu/Picture3.png,"中文：合作社把盈余以股息等方式分配给成员，成员承担有限责任。
Bahasa Melayu: Koperasi mengagihkan keuntungan dalam bentuk dividen kepada anggota dan mempunyai liabiliti terhad."
F4 Chp 1,radio,KelantanYik_Q04,A,B,C,D,C,Kelantan YIK/Picture4.png,"中文：独资企业由一位业主出资并管理；合伙人出资是合伙企业特点，因此 C 为例外。
Bahasa Melayu: Milikan tunggal dimiliki seorang pemilik; modal disumbangkan oleh pekongsi ialah ciri perkongsian, bukan milikan tunggal."
F4 Chp 1,radio,Pahang_Q04,A,B,C,D,A,Pahang/Picture4.png,"中文：合伙企业的合伙人承担无限责任，企业债务可能涉及个人财产。
Bahasa Melayu: Pekongsi menanggung liabiliti tidak terhad; harta peribadi boleh digunakan untuk menjelaskan hutang perniagaan."
F4 Chp 2,radio,Kedah_Q03,A,B,C,D,B,Kedah/Picture3.png,"中文：购货保险是取得商品的附带成本，归入销货成本而非一般营业费用。
Bahasa Melayu: Insurans atas belian ialah kos membawa barang niaga masuk dan termasuk dalam kos jualan."
F4 Chp 2,radio,Kelantan_Q03,A,B,C,D,B,Kelantan/Picture3.png,"中文：支票付款减少银行资产；清偿债务减少负债；收到折扣属收入，增加利润和业主权益。
Bahasa Melayu: Bayaran cek mengurangkan aset dan hutang pembekal mengurangkan liabiliti; diskaun diterima menambah untung serta ekuiti."
F4 Chp 2,radio,NegeriSembilan_Q03,A,B,C,D,C,Negeri Sembilan/Picture3.png,"中文：律师事务所提供法律服务，其主要营业收入是服务费；股息和定存利息是其他收入。
Bahasa Melayu: Yuran perkhidmatan ialah hasil operasi firma guaman; dividen dan faedah simpanan merupakan hasil bukan operasi."
F4 Chp 2,radio,Perak_Q03,A,B,C,D,B,Perak/Picture3.png,"中文：赊购机器使资产增加 RM55,500，同时应付债务增加同额；业主权益不变。
Bahasa Melayu: Belian mesin secara kredit menambah aset dan liabiliti sebanyak RM55,500; ekuiti pemilik tidak berubah."
F4 Chp 2,radio,Perlis_Q03,A,B,C,D,C,Perlis/Picture3.png,"中文：促销费用是经营日常业务的营业费用；资产处置亏损及贷款利息属于非营业费用。
Bahasa Melayu: Promosi ialah belanja operasi untuk aktiviti biasa perniagaan; rugi pelupusan aset dan faedah pinjaman ialah belanja bukan operasi."
F4 Chp 2,radio,JohorSet_Q04,A,B,C,D,C,Johor Set 1/Picture4.png,"中文：杂货店主要经营商品买卖，所以商品销售是营业收入；租金和佣金属于其他收入。
Bahasa Melayu: Jualan barang niaga ialah hasil operasi kedai runcit; sewa dan komisen diterima ialah hasil bukan operasi."
F4 Chp 2,radio,JohorSet_Q04,A,B,C,D,A,Johor Set 2/Picture4.png,"中文：进货运费和购货工资为取得商品的成本；销货运费属销售费用，购货退回则减少购货。
Bahasa Melayu: Angkutan masuk dan upah atas belian menambah kos belian. Angkutan keluar ialah belanja jualan, manakala pulangan belian mengurangkan belian."
F4 Chp 2,radio,Kedah_Q04,A,B,C,D,C,Kedah/Picture4.png,"中文：付现金租金使现金资产减少 RM2,000；租金费用降低净利及业主权益 RM2,000。
Bahasa Melayu: Bayaran sewa tunai mengurangkan aset RM2,000 dan belanja sewa mengurangkan ekuiti pemilik RM2,000."
F4 Chp 2,radio,NegeriSembilan_Q04,A,B,C,D,D,Negeri Sembilan/Picture4.png,"中文：银行付款减少资产 RM7,800，供应商欠款减少 7,800 + 230 = RM8,030，收到折扣增加权益 RM230。
Bahasa Melayu: Aset berkurang RM7,800, liabiliti berkurang RM8,030 dan diskaun diterima menambah ekuiti RM230."
F4 Chp 2,radio,Perak_Q04,A,B,C,D,D,Perak/Picture4.png,"中文：累计折旧抵减资产成本，所以属于资产的对销账户。
Bahasa Melayu: Susut nilai terkumpul mengurangkan nilai kos aset dan merupakan akaun kontra aset."
F4 Chp 2,radio,Selangor_Q04,A,B,C,D,C,Selangor/Picture4.png,"中文：家具店售卖餐桌属于日常主营业务，因此是营业收入。
Bahasa Melayu: Jualan meja makan ialah aktiviti utama perniagaan perabot dan merupakan hasil operasi."
F4 Chp 2,radio,Terengganu_Q04,A,B,C,D,C,Terengganu/Picture4.png,"中文：家具供企业长期使用，属于非流动资产；现金、银行及应收属于流动资产。
Bahasa Melayu: Perabot digunakan dalam jangka panjang dan ialah aset bukan semasa; tunai, bank dan ABT ialah aset semasa."
F4 Chp 2,radio,JohorSet_Q05,A,B,C,D,B,Johor Set 1/Picture5.png,"中文：I 出售家具获利 RM80，III 投入私人货车增加资本，两者增加业主权益；提款及亏本销售则减少权益。
Bahasa Melayu: I menghasilkan untung RM80 dan III menambah modal melalui kenderaan peribadi; kedua-duanya menambah ekuiti pemilik."
F4 Chp 2,radio,JohorSet_Q05,A,B,C,D,A,Johor Set 2/Picture5.png,"中文：银行增加 RM5,050，应收账款减少 RM5,500，差额 RM450 为折扣费用，降低净利和权益。
Bahasa Melayu: Bank bertambah RM5,050, ABT berkurang RM5,500 dan diskaun diberi RM450 mengurangkan untung bersih."
F4 Chp 2,radio,KelantanYik_Q05,A,B,C,D,B,Kelantan YIK/Picture5.png,"中文：投资股息通常属非营业收入，并非商品销售的主要收入。本题未说明企业性质，租金也可能属非营业收入；现有答案 B。
Bahasa Melayu: Dividen pelaburan ialah hasil bukan operasi. Jenis perniagaan tidak dinyatakan dan sewa juga boleh menjadi hasil bukan operasi; jawapan asal ialah B."
F4 Chp 2,radio,Pahang_Q05,A,B,C,D,B,Pahang/Picture5.png,"中文：文具及办公用品店销售打印机属于日常营业收入；出售旧车、股息等属于非营业收入。
Bahasa Melayu: Jualan mesin pencetak ialah hasil operasi kedai alatan pejabat; untung pelupusan aset dan dividen ialah hasil bukan operasi."
F4 Chp 2,radio,Selangor_Q05,A,B,C,D,C,Selangor/Picture5.png,"中文：付银行 RM5,000 清还 RM5,150 债务，资产减少5,000、负债减少5,150；所获折扣 RM150 增加利润及权益。
Bahasa Melayu: Bank berkurang RM5,000, liabiliti berkurang RM5,150 dan diskaun diterima RM150 menambah untung serta ekuiti pemilik."
F4 Chp 2,radio,Terengganu_Q05,A,B,C,D,B,Terengganu/Picture5.png,"中文：付支票 RM3,500 清偿 RM4,000 欠款，银行资产减少3,500、负债减少4,000，所获折扣500增加权益。
Bahasa Melayu: Bayaran cek RM3,500 menjelaskan hutang RM4,000; aset berkurang 3,500, liabiliti berkurang 4,000 dan diskaun diterima 500 menambah ekuiti."
F4 Chp 2,radio,Pahang_Q06,A,B,C,D,B,Pahang/Picture6.png,"中文：投入私人货车增加资本；货品以 RM750 售出而成本 RM600，产生 RM150 利润，增加业主权益。
Bahasa Melayu: Van peribadi yang dibawa masuk menambah modal. Jualan RM750 dengan kos RM600 menghasilkan untung RM150 yang menambah ekuiti, maka I dan IV."
F4 Chp 2,radio,Pahang_Q07,A,B,C,D,A,Pahang/Picture7.png,"中文：提款账户抵减资本，是业主权益的对销项目。
Bahasa Melayu: Ambilan mengurangkan modal dan merupakan catatan kontra kepada ekuiti pemilik."
F4 Chp 3,radio,Kelantan_Q04,A,B,C,D,A,Kelantan/Picture4.png,"中文：账户结单汇总客户一段期间交易与欠款，是非原始凭证；本身不用于首次记账。
Bahasa Melayu: Penyata Akaun ialah dokumen bukan sumber yang merumuskan urus niaga dan baki hutang pelanggan."
F4 Chp 3,radio,Perlis_Q04,A,B,C,D,C,Perlis/Picture4.png,"中文：账户结单列出客户交易及欠款余额，提醒客户清还债务。
Bahasa Melayu: Penyata akaun menyenaraikan urus niaga pelanggan dan mengingatkan baki hutang yang perlu dijelaskan."
F4 Chp 3,radio,Kedah_Q05,A,B,C,D,D,Kedah/Picture5.png,"中文：非原始凭证作为交易参考与支持资料，不直接用来记账。
Bahasa Melayu: Dokumen bukan sumber menjadi dokumen sokongan dan rujukan, bukan asas langsung catatan perakaunan."
F4 Chp 3,radio,Perak_Q05,A,B,C,D,C,Perak/Picture5.png,"中文：购货通知属于非原始凭证，用于协助采购流程，不能直接作为交易入账依据。
Bahasa Melayu: Nota belian ialah dokumen bukan sumber yang menyokong urusan pembelian, bukan bukti utama untuk merekod urus niaga."
F4 Chp 3,radio,Perlis_Q05,A,B,C,D,A,Perlis/Picture5.png,"中文：收到供应商发票可作为赊购货品的入账凭证。
Bahasa Melayu: Invois yang diterima daripada pembekal menjadi dokumen sumber untuk belian secara kredit."
F4 Chp 3,radio,JohorSet_Q06,A,B,C,D,C,Johor Set 1/Picture6.png,"中文：Memo 和付款凭单是企业内部使用的文件，通常只准备一份；收据和现金单需交给交易另一方。
Bahasa Melayu: Memo dan baucer pembayaran disediakan dalam satu salinan untuk kegunaan dalaman; resit dan bil tunai memerlukan salinan untuk pihak urus niaga."
F4 Chp 3,radio,JohorSet_Q06,A,B,C,D,B,Johor Set 2/Picture6.png,"中文：客户退回空瓶使其欠款减少，企业发出贷项通知单 Nota Kredit。
Bahasa Melayu: Nota Kredit dihantar kepada pelanggan untuk mengurangkan hutangnya apabila botol kosong dipulangkan."
F4 Chp 3,radio,Kedah_Q06,A,B,C,D,A,C,Kedah/Picture6.png,"中文：A（发票）会告知客户某一笔赊销的应付金额；C（账户结单）汇总一段期间的交易及客户欠款余额。题干没有说明是单笔交易金额还是账户结欠，因此 A、C 均接受；按“顾客应付总额”的意思，C 更贴切。
Bahasa Melayu: Invois memaklumkan amaun yang perlu dibayar bagi satu urus niaga kredit, manakala Penyata Akaun merumuskan urus niaga dan baki hutang pelanggan bagi sesuatu tempoh. Frasa soalan tidak menjelaskan sama ada amaun bagi satu urus niaga atau baki akaun, jadi A dan C diterima; C lebih sesuai dengan maksud jumlah yang perlu dibayar oleh pelanggan."
F4 Chp 3,radio,KelantanYik_Q06,A,B,C,D,C,Kelantan YIK/Picture6.png,"中文：发票少计金额或漏记收费时，发出借项通知单增加客户欠款，故 II 和 III 正确。
Bahasa Melayu: Nota debit dikeluarkan apabila invois terkurang nyata atau butiran tertinggal, untuk menambah hutang pelanggan; II dan III betul."
F4 Chp 3,radio,NegeriSembilan_Q06,A,B,C,D,A,Negeri Sembilan/Picture6.png,"中文：商业折扣用于鼓励大量或批量购货；催促客户尽快清偿债务的是现金折扣。
Bahasa Melayu: Diskaun niaga menggalakkan pembelian secara pukal; diskaun tunai menggalakkan pembayaran hutang segera."
F4 Chp 3,radio,Perak_Q06,A,B,C,D,C,Perak/Picture6.png,"中文：银行存款利息增加企业银行余额，银行以贷项通知告知企业。
Bahasa Melayu: Faedah simpanan menambah baki bank perniagaan; bank mengeluarkan makluman kredit."
F4 Chp 3,radio,Selangor_Q06,A,B,C,D,B,Selangor/Picture6.png,"中文：发票是赊购或赊销的原始凭证，列出货品及应付金额。
Bahasa Melayu: Invois ialah dokumen sumber bagi urus niaga secara kredit dan menyatakan barang serta amaun perlu dibayar."
F4 Chp 3,radio,Terengganu_Q06,A,B,C,D,B,Terengganu/Picture6.png,"中文：银行贷项通知告知客户银行已增加其账户余额，例如收到利息或转账。
Bahasa Melayu: Makluman kredit memberitahu pemilik bahawa bank telah menambahkan baki akaunnya."
F4 Chp 3,radio,Kedah_Q07,A,B,C,D,D,Kedah/Picture7.png,"中文：现金簿记录本张支票付款 RM5,000；存款、结余及可用金额不是这笔交易金额。
Bahasa Melayu: Amaun cek yang dibayar ialah RM5,000 dan itulah catatan Buku Tunai bagi urus niaga ini."
F4 Chp 3,radio,KelantanYik_Q07,A,B,C,D,D,Kelantan YIK/Picture7.png,"中文：发票是原始凭证，银行结单在课本分类中是非原始凭证，所以 D 配对正确。
Bahasa Melayu: Invois ialah dokumen sumber dan Penyata Bank ialah dokumen bukan sumber mengikut pengelasan buku teks; padanan D betul."
F4 Chp 3,radio,NegeriSembilan_Q07,A,B,C,D,A,Negeri Sembilan/Picture7.png,"中文：卖方在赊销时准备发票，说明商品、金额和付款条件，供买方确认应付金额。
Bahasa Melayu: Penjual menyediakan invois bagi jualan kredit untuk menyatakan barang, harga dan amaun perlu dibayar."
F4 Chp 3,radio,KelantanYik_Q08,A,B,C,D,C,Kelantan YIK/Picture8.png,"中文：赊购交易由卖方开出发票，列明货品、价格和客户应付款。
Bahasa Melayu: Invois dikeluarkan bagi jual beli secara kredit dan menyatakan barang serta amaun perlu dibayar."
F4 Chp 3,radio,Pahang_Q08,A,B,C,D,C,Pahang/Picture8.png,"中文：贷项通知单通知买方，其欠卖方的金额已经减少。
Bahasa Melayu: Nota kredit memaklumkan pembeli bahawa baki hutangnya kepada penjual telah berkurang."
F4 Chp 4,radio,Kelantan_Q05,A,B,C,D,B,Kelantan/Picture5.png,"中文：赊销商品及购货退回分别记销货和购货退回日记簿，因此 I 和 III 正确。
Bahasa Melayu: Jualan kredit dan pulangan barang kepada pembekal dicatat dalam jurnal khas; I dan III betul."
F4 Chp 4,radio,NegeriSembilan_Q05,A,B,C,D,C,Negeri Sembilan/Picture5.png,"中文：支票支付供应商应记银行、收到折扣及应付账款栏，因此 C 的账户分类正确。不过 RM1,680 付款加 RM80 折扣，应减少应付 RM1,760；选项把应付栏写 RM1,680，金额疑误。
Bahasa Melayu: Bayaran cek melibatkan Bank, Diskaun Diterima dan ABB seperti C. Namun ABB sepatutnya berkurang 1,680 + 80 = RM1,760; angka RM1,680 dalam lajur ABB pilihan kelihatan tersilap."
F4 Chp 4,radio,Kelantan_Q06,A,B,C,D,A,Kelantan/Picture6.png,"中文：现金购买邮票金额较小，适合记零用现金簿；大额付款及客户还款通常记现金簿。
Bahasa Melayu: Pembelian setem secara tunai ialah pembayaran kecil yang direkod dalam Buku Tunai Runcit."
F4 Chp 4,radio,JohorSet_Q07,A,B,C,D,D,Johor Set 1/Picture7.png,"中文：业主投入私人车辆属于非现金资本投入，应记普通日记簿。
Bahasa Melayu: Kenderaan peribadi yang dibawa masuk sebagai modal ialah urus niaga bukan tunai yang dicatat dalam Jurnal Am."
F4 Chp 4,radio,JohorSet_Q07,A,B,C,D,B,Johor Set 2/Picture7.png,"中文：答案 B 对应商品提款及注销坏账，均记普通日记簿。题目 III 若确为业主用私人钱代付租金，也应记普通日记簿，故选项组合存在歧义。
Bahasa Melayu: Jawapan B meliputi ambilan barang dan hutang lapuk dalam Jurnal Am. Jika III benar-benar dibayar dengan wang peribadi pemilik, catatannya juga dalam Jurnal Am; gabungan pilihan kurang jelas."
F4 Chp 4,radio,Perak_Q07,A,B,C,D,B,Perak/Picture7.png,"中文：现金投入作为追加资本记录在现金簿借方，而非普通日记账。
Bahasa Melayu: Tunai yang dibawa masuk sebagai modal tambahan direkod di sebelah debit Buku Tunai, bukan Jurnal Am."
F4 Chp 4,radio,Perlis_Q07,A,B,C,D,B,Perlis/Picture7.png,"中文：定额零用现金补回额等于付款总额 RM110，使余额从 RM140 恢复至 RM250。
Bahasa Melayu: Rekupmen sama dengan jumlah pembayaran RM110 supaya baki RM140 kembali kepada panjar RM250."
F4 Chp 4,radio,Selangor_Q07,A,B,C,D,D,Selangor/Picture7.png,"中文：电脑由待售货品转为办公室设备，借记办公设备、贷记购货 RM3,600。
Bahasa Melayu: Komputer dijadikan aset untuk pejabat: debit Alatan Pejabat dan kredit Belian RM3,600."
F4 Chp 4,radio,Terengganu_Q07,A,B,C,D,D,Terengganu/Picture7.png,"中文：货品作促销和私人车辆投入作为资本属于普通日记账项目；赊销及购货退回有专门日记账。
Bahasa Melayu: Barang niaga untuk promosi dan kenderaan peribadi sebagai modal tambahan direkod dalam Jurnal Am, iaitu II dan IV."
F4 Chp 4,radio,JohorSet_Q08,A,B,C,D,B,Johor Set 1/Picture8.png,"中文：定额备用金补款等于本期支付额：RM300；补款后恢复原定额 RM350。
Bahasa Melayu: Rekupmen sistem panjar sama dengan pembayaran RM300, supaya wang runcit kembali kepada panjar RM350."
F4 Chp 4,radio,JohorSet_Q08,A,B,C,D,C,Johor Set 2/Picture8.png,"中文：补款按已支付金额计算：15 + 100 = RM115，使备用金恢复 RM200。
Bahasa Melayu: Rekupmen = jumlah pembayaran = 15 + 100 = RM115, untuk memulihkan panjar kepada RM200."
F4 Chp 4,radio,Kedah_Q08,A,B,C,D,B,Kedah/Picture8.png,"中文：零用现金簿专门记录邮费、文具等金额较小的支出。
Bahasa Melayu: Buku Tunai Runcit merekod pembayaran kecil seperti pos dan alat tulis."
F4 Chp 4,radio,NegeriSembilan_Q08,A,B,C,D,A,Negeri Sembilan/Picture8.png,"中文：收到商品供应商发票表示赊购商品，记购货日记簿，所以 A 正确。
Bahasa Melayu: Invois daripada pembekal barang niaga menunjukkan belian kredit yang direkod dalam Jurnal Belian."
F4 Chp 4,radio,Perak_Q08,A,B,C,D,A,Perak/Picture8.png,"中文：定额零用现金补回额等于实际支出：25 + 30 = RM55；补回后余额恢复 RM200。
Bahasa Melayu: Rekupmen sistem panjar sama dengan jumlah pembayaran, 25 + 30 = RM55, supaya baki kembali kepada RM200."
F4 Chp 4,radio,Selangor_Q08,A,B,C,D,D,Selangor/Picture8.png,"中文：现金簿贷方的银行付款表示清还 Hero Trading 欠款；折扣 RM50 为收到的折扣。
Bahasa Melayu: Catatan kredit bank menunjukkan hutang kepada Hero Trading dibayar dengan cek; RM50 ialah diskaun diterima."
F4 Chp 4,radio,Kedah_Q09,A,B,C,D,B,Kedah/Picture9.png,"中文：赊销商品记销货日记簿，退回供应商的商品记购货退回日记簿；I 和 IV 为特殊日记簿交易。
Bahasa Melayu: Jualan kredit barang niaga dan pulangan barang kepada pembekal dicatat dalam jurnal khas, iaitu I dan IV."
F4 Chp 4,radio,KelantanYik_Q09,A,B,C,D,A,Kelantan YIK/Picture9.png,"中文：普通日记簿可记录期初账户开账；其他选项把退货方向或购货条件配错。
Bahasa Melayu: Jurnal Am merekod catatan pembukaan; pilihan lain tersalah arah pulangan atau mengehadkan Belian kepada tunai."
F4 Chp 4,radio,Pahang_Q09,A,B,C,D,A,Pahang/Picture9.png,"中文：现金收入日记账和零用现金簿都是原始分录簿；总账和辅助账属于分类账。
Bahasa Melayu: Jurnal penerimaan tunai dan Buku Tunai Runcit ialah buku catatan pertama, manakala lejar am dan lejar subsidiari ialah lejar."
F4 Chp 4,radio,Perak_Q09,A,B,C,D,D,Perak/Picture9.png,"中文：收到客户付款使现金或银行增加，记在现金簿借方。
Bahasa Melayu: Bayaran daripada pelanggan menambah tunai atau bank dan direkod di sebelah debit Buku Tunai."
F4 Chp 4,radio,Kedah_Q10,A,B,C,D,A,Kedah/Picture10.png,"中文：赊购收银机属于购入非流动资产，记普通日记簿；购货日记簿只记录赊购商品。
Bahasa Melayu: Pembelian mesin daftar tunai secara kredit dicatat dalam Jurnal Am kerana merupakan aset bukan semasa."
F4 Chp 4,radio,KelantanYik_Q10,A,B,C,D,B,Kelantan YIK/Picture10.png,"中文：零用现金簿记录金额小的支出，例如邮费及文具费。
Bahasa Melayu: Buku Tunai Runcit merekod perbelanjaan kecil seperti pos dan alat tulis."
F4 Chp 4,radio,Pahang_Q10,A,B,C,D,D,Pahang/Picture10.png,"中文：销售日记账记录赊销，详情栏填写欠款客户，即应收账款人的姓名。
Bahasa Melayu: Jurnal Jualan merekod jualan kredit; lajur butir mencatat nama pelanggan atau Akaun Belum Terima."
F4 Chp 4,radio,Pahang_Q11,A,B,C,D,B,Pahang/Picture11.png,"中文：银行贷项通知表示企业银行存款增加，所以现金簿银行栏借记 RM950。
Bahasa Melayu: Makluman kredit menunjukkan wang bank perniagaan bertambah; debit lajur bank Buku Tunai RM950."
F4 Chp 4,radio,Pahang_Q12,A,B,C,D,A,Pahang/Picture12.png,"中文：期末零用现金 = 35 + 145 − 15 − 38 − 75 − 24 = RM28。
Bahasa Melayu: Baki tunai runcit akhir = 35 + 145 − 15 − 38 − 75 − 24 = RM28."
F4 Chp 5,radio,Perlis_Q06,A,B,C,D,C,Perlis/Picture6.png,"中文：拿货品作企业促销应借记促销费用、贷记购货 RM1,250；不是业主私人提款。
Bahasa Melayu: Barang niaga digunakan untuk promosi: debit Promosi dan kredit Belian RM1,250 kerana kegunaan perniagaan."
F4 Chp 5,radio,Kelantan_Q07,A,B,C,D,D,Kelantan/Picture7.png,"中文：业主私人贷款不属企业贷款；用该资金支付企业租金，借记租金、贷记资本。
Bahasa Melayu: Pinjaman peribadi bukan liabiliti perniagaan; sewa yang dibayar menggunakan wang itu didebitkan kepada Sewa dan dikreditkan kepada Modal."
F4 Chp 5,radio,Kelantan_Q08,A,B,C,D,C,Kelantan/Picture8.png,"中文：应收控制账户借方 R 为赊销，贷方 S 可为抵销应收与应付的 Kontra；坏账不在借方增加债权。
Bahasa Melayu: R di debit ialah jualan kredit; S di kredit ialah kontra yang mengurangkan ABT dan ABB."
F4 Chp 5,radio,Perlis_Q08,A,B,C,D,D,Perlis/Picture8.png,"中文：货品被业主私人取用，应借记提款、贷记购货 RM300。
Bahasa Melayu: Ambilan barang niaga untuk kegunaan peribadi: debit Ambilan dan kredit Belian RM300."
F4 Chp 5,radio,Terengganu_Q08,A,B,C,D,B,Terengganu/Picture8.png,"中文：分类账分成总账与辅助账，辅助账记录个别客户及供应商账户。
Bahasa Melayu: Lejar dibahagi kepada Lejar Am dan Lejar Subsidiari; lejar subsidiari menyimpan akaun pelanggan dan pembekal."
F4 Chp 5,radio,JohorSet_Q09,A,B,C,D,C,Johor Set 1/Picture9.png,"中文：名义账户记录收入、费用及其抵减项目；租金与销货退回属于名义账户。
Bahasa Melayu: Akaun nominal merekod hasil, belanja dan pelarasannya; Akaun Sewa dan Pulangan Jualan ialah akaun nominal."
F4 Chp 5,radio,JohorSet_Q09,A,B,C,D,A,Johor Set 2/Picture9.png,"中文：真实账户记录企业资产，例如现金、设备和车辆；收入与费用属于名义账户。
Bahasa Melayu: Akaun nyata merekod aset perniagaan seperti tunai, peralatan dan kenderaan."
F4 Chp 5,radio,Perlis_Q09,A,B,C,D,B,Perlis/Picture9.png,"中文：货品用于店铺促销，属于企业费用，所以借记促销账户 RM500。
Bahasa Melayu: Barang niaga bernilai RM500 digunakan untuk promosi kedai, maka debit Akaun Promosi."
F4 Chp 5,radio,Selangor_Q09,A,B,C,D,A,Selangor/Picture9.png,"中文：分类账分为总账及辅助账；应收分类账属于辅助账。
Bahasa Melayu: Lejar dibahagi kepada Lejar Am dan Lejar Subsidiari; Lejar Belum Terima ialah sebahagian Lejar Subsidiari."
F4 Chp 5,radio,Terengganu_Q09,A,B,C,D,C,Terengganu/Picture9.png,"中文：业主取手表送妻子是私人提款，借记提款、贷记购货 RM5,880。
Bahasa Melayu: Jam tangan diambil untuk isteri ialah ambilan peribadi: debit Ambilan dan kredit Belian RM5,880."
F4 Chp 5,radio,JohorSet_Q10,A,B,C,D,A,Johor Set 1/Picture10.png,"中文：现金销售借记现金、贷记销售；商品提款借记提款、贷记购货，因此 I 和 II 正确。
Bahasa Melayu: Jualan tunai mendebit Tunai dan mengkredit Jualan; ambilan barang mendebit Ambilan dan mengkredit Belian. I dan II betul."
F4 Chp 5,radio,JohorSet_Q10,A,B,C,D,D,Johor Set 2/Picture10.png,"中文：家具店把待售桌子改作办公室家具，属于资产自用，借记家具、贷记购货；不是私人提款。
Bahasa Melayu: Meja barang niaga digunakan di pejabat, maka debit Akaun Perabot dan kredit Belian; bukan ambilan peribadi."
F4 Chp 5,radio,NegeriSembilan_Q10,A,B,C,D,D,Negeri Sembilan/Picture10.png,"中文：购货日记簿合计 RM6,972 过账时，借记购货、贷记应付账款控制账户。
Bahasa Melayu: Jumlah Jurnal Belian RM6,972 dipos dengan debit Belian dan kredit Akaun Belum Bayar."
F4 Chp 5,radio,Perak_Q10,A,B,C,D,C,Perak/Picture10.png,"中文：文具属于费用，正常借方余额；服务收入属于收入，正常贷方余额。
Bahasa Melayu: Alat tulis ialah belanja dengan baki debit, manakala hasil perkhidmatan ialah hasil dengan baki kredit."
F4 Chp 5,radio,Perlis_Q10,A,B,C,D,B,Perlis/Picture10.png,"中文：供应商收取利息及由供应商代付、加入欠款的运入费可记应付控制账户；坏账及所给折扣属于应收事项。
Bahasa Melayu: Faedah dan angkutan masuk yang dikenakan oleh pembekal boleh direkod dalam Akaun Kawalan Belum Bayar; hutang lapuk dan diskaun diberi berkaitan ABT."
F4 Chp 5,radio,Selangor_Q10,A,B,C,D,D,Selangor/Picture10.png,"中文：赊销 = 收款8,320 + 所给折扣180 + 期末应收2,730 − 期初应收3,190 = RM8,040。
Bahasa Melayu: Jualan kredit = bank 8,320 + diskaun diberi 180 + baki akhir 2,730 − baki awal 3,190 = RM8,040."
F4 Chp 5,radio,Terengganu_Q10,A,B,C,D,B,Terengganu/Picture10.png,"中文：从企业银行取钱作私人用途使银行减少，贷记银行并借记提款。
Bahasa Melayu: Pengeluaran wang bank untuk kegunaan peribadi mengurangkan bank; kredit Bank dan debit Ambilan."
F4 Chp 5,radio,JohorSet_Q11,A,B,C,D,D,Johor Set 1/Picture11.png,"中文：赊销 = 103,400 + 2,320 + 2,360 + 1,380 + 19,360 − 17,600 = RM111,220。
Bahasa Melayu: Jualan kredit = 103,400 + 2,320 + 2,360 + 1,380 + 19,360 − 17,600 = RM111,220."
F4 Chp 5,radio,JohorSet_Q11,A,B,C,D,A,Johor Set 2/Picture11.png,"中文：期末应付账款 = 910 + 23,200 − 640 − 19,400 − 600 = RM3,470。
Bahasa Melayu: Baki akhir ABB = 910 + 23,200 − 640 − 19,400 − 600 = RM3,470."
F4 Chp 5,radio,Kedah_Q11,A,B,C,D,A,Kedah/Picture11.png,"中文：销货折扣减少客户债务，记入应收账款控制账户贷方；坏账准备不直接记该账户。
Bahasa Melayu: Diskaun diberi mengurangkan hutang pelanggan dan dicatat di kredit Akaun Kawalan Belum Terima."
F4 Chp 5,radio,KelantanYik_Q11,A,B,C,D,B,Kelantan YIK/Picture11.png,"中文：应收账款属于资产，正常余额为借方；家具也属借方，工资为费用也属借方。
Bahasa Melayu: Akaun Belum Terima ialah aset dengan baki debit, maka padanan B betul."
F4 Chp 5,radio,Perak_Q11,A,B,C,D,D,Perak/Picture11.png,"中文：应付余额 = 14,200 + 4,200 − 740 − 1,200 − 10,000 = RM6,460，属贷方余额。
Bahasa Melayu: Baki Akaun Belum Bayar = 14,200 + 4,200 − 740 − 1,200 − 10,000 = RM6,460 kredit."
F4 Chp 5,radio,Terengganu_Q11,A,B,C,D,D,Terengganu/Picture11.png,"中文：赊销 = 73,400 + 960 + 1,230 + 8,920 − 6,525 − 270 = RM77,715；取消的折扣增加应收，须从推算赊销中扣除。
Bahasa Melayu: Jualan kredit = 73,400 + 960 + 1,230 + 8,920 − 6,525 − 270 = RM77,715. Diskaun dibatalkan menambah ABT dan ditolak ketika menentukan jualan kredit."
F4 Chp 5,radio,Kedah_Q12,A,B,C,D,B,Kedah/Picture12.png,"中文：用私人资金替企业支付租金，借记企业租金费用，贷记业主资本，表示追加投入。
Bahasa Melayu: Sewa perniagaan dibayar dengan wang peribadi: debit Sewa dan kredit Modal sebagai modal tambahan."
F4 Chp 5,radio,KelantanYik_Q12,A,B,C,D,A,Kelantan YIK/Picture12.png,"中文：把商品作为企业捐赠，借记捐款费用 RM500、贷记购货 RM500。
Bahasa Melayu: Barang niaga didermakan oleh perniagaan: debit Derma RM500 dan kredit Belian RM500."
F4 Chp 5,radio,NegeriSembilan_Q12,A,B,C,D,B,Negeri Sembilan/Picture12.png,"中文：电脑应列办公设备；改正时借记办公设备 RM2,500、贷记购货 RM2,500，撤销误记的商品购货。
Bahasa Melayu: Pembetulan ialah debit Alatan Pejabat RM2,500 dan kredit Belian RM2,500."
F4 Chp 5,radio,NegeriSembilan_Q13,A,B,C,D,C,Negeri Sembilan/Picture13.png,"中文：给予客户折扣为费用，月末合计 200 + 56 = RM256，借记给予折扣、摘要应收账款。
Bahasa Melayu: Diskaun diberi berjumlah 200 + 56 = RM256 didebitkan dalam Akaun Diskaun Diberi dengan butir Akaun Belum Terima."
F4 Chp 5,radio,Pahang_Q13,A,B,C,D,A,Pahang/Picture13.png,"中文：名义账户包括收入及费用；购货、文具、股息和杂费均属于该类。
Bahasa Melayu: Akaun nominal merangkumi hasil dan belanja, termasuk Belian, Alat Tulis, Dividen dan Belanja Am."
F4 Chp 5,radio,Pahang_Q14,A,B,C,D,C,Pahang/Picture14.png,"中文：按本题答案，捐款属于企业慈善费用，借记捐款、贷记现金；若明确为业主私人捐款，才应记提款。
Bahasa Melayu: Mengikut jawapan soalan, derma dianggap belanja perniagaan: debit Derma, kredit Tunai. Jika derma dinyatakan untuk tujuan peribadi pemilik, catat Ambilan."
F4 Chp 5,radio,Pahang_Q15,A,B,C,D,A,Pahang/Picture15.png,"中文：应收余额 = 1,270 + 8,200 − 240 − 8,000 − 330 = RM900，属于借方余额。
Bahasa Melayu: Baki Akaun Belum Terima = 1,270 + 8,200 − 240 − 8,000 − 330 = RM900 debit."
F4 Chp 6,radio,Kelantan_Q09,A,B,C,D,B,Kelantan/Picture9.png,"中文：销货退回是借方余额；收到的租金押金属于负债，为贷方余额，所以 B 正确。
Bahasa Melayu: Pulangan jualan berbaki debit dan deposit sewa diterima berbaki kredit sebagai liabiliti; padanan B betul."
F4 Chp 6,radio,Kelantan_Q10,A,B,C,D,A,Kelantan/Picture10.png,"中文：每种存货分别取成本与市价较低者：5,600 + 4,400 + 3,100 = RM13,100。
Bahasa Melayu: Inventori dinilai pada nilai lebih rendah bagi setiap item: 5,600 + 4,400 + 3,100 = RM13,100."
F4 Chp 6,radio,NegeriSembilan_Q11,A,B,C,D,D,Negeri Sembilan/Picture11.png,"中文：退回项目借方是销货退回；折扣项目贷方是收到折扣，所以选 D。
Bahasa Melayu: Pulangan berbaki debit ialah Pulangan Jualan; diskaun berbaki kredit ialah Diskaun Diterima."
F4 Chp 6,radio,Perlis_Q11,A,B,C,D,A,Perlis/Picture11.png,"中文：试算表检查复式记账借贷总额是否相等，但无法查出所有类型的错误。
Bahasa Melayu: Imbangan Duga menyemak ketepatan catatan bergu melalui kesamaan jumlah debit dan kredit, namun tidak mengesan semua kesilapan."
F4 Chp 6,radio,Selangor_Q11,A,B,C,D,D,Selangor/Picture11.png,"中文：运入费是费用，正常借方余额；存款利息是收入，正常贷方余额。
Bahasa Melayu: Angkutan masuk ialah belanja berbaki debit; faedah atas simpanan ialah hasil berbaki kredit."
F4 Chp 6,radio,JohorSet_Q12,A,B,C,D,B,Johor Set 1/Picture12.png,"中文：试算表检查借贷总额是否相等，用以检验复式记录的算术准确性，但不能发现所有错误。
Bahasa Melayu: Imbangan Duga menyemak kesamaan jumlah debit dan kredit untuk menguji ketepatan catatan bergu, tetapi tidak mengesan semua kesilapan."
F4 Chp 6,radio,JohorSet_Q12,A,B,C,D,D,Johor Set 2/Picture12.png,"中文：P 在借方，可为家具资产；Q 在贷方，可为购货退回，因此 D 的配对正确。
Bahasa Melayu: P berbaki debit seperti Perabot, manakala Q berbaki kredit seperti Pulangan Belian. Padanan D betul."
F4 Chp 6,radio,Perak_Q12,A,B,C,D,B,Perak/Picture12.png,"中文：试算表列出分类账余额，并测试复式记账的借贷总额是否相等，因此 I、IV 正确。
Bahasa Melayu: Imbangan Duga menyenaraikan baki lejar dan menguji kesamaan jumlah debit dan kredit catatan bergu; I dan IV benar."
F4 Chp 6,radio,Terengganu_Q12,A,B,C,D,A,Terengganu/Picture12.png,"中文：试算表是从分类账提取的账户余额清单，用来检查借贷总额。
Bahasa Melayu: Imbangan Duga ialah senarai baki akaun yang diambil daripada lejar untuk menyemak jumlah debit dan kredit."
F4 Chp 6,radio,Kedah_Q13,A,B,C,D,A,Kedah/Picture13.png,"中文：试算表比较借贷合计，检查复式记录的准确性；财务表现和状况由财务报表呈现。
Bahasa Melayu: Imbangan Duga menyemak ketepatan catatan bergu melalui kesamaan jumlah debit dengan kredit."
F4 Chp 6,radio,KelantanYik_Q13,A,B,C,D,A,Kelantan YIK/Picture13.png,"中文：试算表汇集各账户余额，方便进一步编制财务报表。
Bahasa Melayu: Imbangan Duga menyenaraikan baki akaun dan memudahkan penyediaan Penyata Kewangan."
F4 Chp 6,radio,Perak_Q13,A,B,C,D,A,Perak/Picture13.png,"中文：期末数量 = 10 + 100 − 70 = 40；按成本与市价较低者 RM30 计值，40 × 30 = RM1,200。
Bahasa Melayu: Kuantiti akhir = 10 + 100 − 70 = 40. Nilai pada kos atau harga pasaran yang lebih rendah: 40 × RM30 = RM1,200."
F4 Chp 6,radio,KelantanYik_Q14,A,B,C,D,D,Kelantan YIK/Picture14.png,"中文：家具店为出售而持有的椅子和餐桌是存货；螺丝起子和铁锤通常是工具。
Bahasa Melayu: Kerusi dan meja makan ialah barang niaga untuk dijual oleh kedai perabot, maka merupakan inventori."
F4 Chp 6,radio,NegeriSembilan_Q15,A,B,C,D,B,Negeri Sembilan/Picture15.png,"中文：设备资产 RM3,000 与工资费用 RM8,000 在借方；应付账款 RM3,400 与贷款 RM10,000 在贷方。
Bahasa Melayu: Alatan pejabat RM3,000 dan gaji RM8,000 berbaki debit; ABB RM3,400 dan pinjaman RM10,000 berbaki kredit."
F4 Chp 6,radio,Pahang_Q16,A,B,C,D,D,Pahang/Picture16.png,"中文：呆账准备抵减应收账款，正常余额在贷方，符合试算表中的 M。
Bahasa Melayu: Peruntukan hutang ragu ialah kontra kepada Akaun Belum Terima dan berbaki kredit, maka sesuai dengan M."
F4 Chp 6,radio,Pahang_Q17,A,B,C,D,A,Pahang/Picture17.png,"中文：销货成本 = 期初存货 + 净购货及购货费用 − 期末存货；期末存货较低会使销货成本较高。
Bahasa Melayu: Kos jualan = inventori awal + belian bersih dan belanja belian − inventori akhir. Inventori akhir yang rendah meningkatkan kos jualan."
F4 Chp 7,radio,Kelantan_Q11,A,B,C,D,C,Kelantan/Picture11.png,"中文：销售是计算毛利的项目，结账时转入交易账户贷方。
Bahasa Melayu: Jualan dipindahkan ke kredit Akaun Perdagangan untuk menentukan untung kasar."
F4 Chp 7,radio,Kelantan_Q12,A,B,C,D,B,Kelantan/Picture12.png,"中文：净利 = 15,700 + 租金收入 1,100 + 收到折扣 480 − 工资 5,000 − 给予折扣 600 = RM11,680。
Bahasa Melayu: Untung bersih = 15,700 + 1,100 + 480 − 5,000 − 600 = RM11,680."
F4 Chp 7,radio,Selangor_Q12,A,B,C,D,C,Selangor/Picture12.png,"中文：净利 = 8,900 + 750 − 1,600 − 1,500 = RM6,550；运入费已在毛利计算中处理，不能重复扣。
Bahasa Melayu: Untung bersih = 8,900 + 750 − 1,600 − 1,500 = RM6,550. Angkutan masuk telah diambil kira dalam untung kasar dan tidak ditolak semula."
F4 Chp 7,radio,JohorSet_Q13,A,B,C,D,B,Johor Set 1/Picture13.png,"中文：非流动资产包括办公设备 RM12,000 和车辆 RM15,000，总计 RM27,000；应收账款与银行是流动资产。
Bahasa Melayu: Aset bukan semasa = alatan pejabat 12,000 + kenderaan 15,000 = RM27,000; ABT dan bank ialah aset semasa."
F4 Chp 7,radio,JohorSet_Q13,A,B,C,D,C,Johor Set 2/Picture13.png,"中文：财务状况表显示某一日期企业的资产、负债与业主权益，利润由损益表呈现。
Bahasa Melayu: Penyata Kedudukan Kewangan menunjukkan aset, liabiliti dan ekuiti pada suatu tarikh; untung ditentukan dalam penyata pendapatan."
F4 Chp 7,radio,Perlis_Q13,A,B,C,D,D,Perlis/Picture13.png,"中文：营运资本 = 流动资产 − 流动负债，所以银行透支 = 16,200 + 2,560 − 3,450 − 12,320 = RM2,990。
Bahasa Melayu: Modal kerja = aset semasa − liabiliti semasa. Overdraf bank = 16,200 + 2,560 − 3,450 − 12,320 = RM2,990."
F4 Chp 7,radio,Selangor_Q13,A,B,C,D,A,Selangor/Picture13.png,"中文：购货账户年末结转到交易账户，用于计算销货成本及毛利。
Bahasa Melayu: Akaun Belian ditutup ke Akaun Perdagangan untuk pengiraan kos jualan dan untung kasar."
F4 Chp 7,radio,Terengganu_Q13,A,B,C,D,D,Terengganu/Picture13.png,"中文：运入费是把购货运到企业的费用，加入购货成本，在交易账户计算销货成本。
Bahasa Melayu: Angkutan masuk ialah belanja membawa barang belian ke perniagaan dan ditambah kepada belian dalam Akaun Perdagangan."
F4 Chp 7,radio,JohorSet_Q14,A,B,C,D,C,Johor Set 1/Picture14.png,"中文：佣金收入正常为贷方，结账时借记佣金收入 RM6,000、贷记损益账户 RM6,000。
Bahasa Melayu: Komisen diterima berbaki kredit; penutupan mendebit Komisen Diterima RM6,000 dan mengkredit Untung Rugi RM6,000."
F4 Chp 7,radio,JohorSet_Q14,A,B,C,D,C,Johor Set 2/Picture14.png,"中文：销售转入交易账户，租金转入损益账户，所以 II 和 III 正确；购货不转入损益账户。
Bahasa Melayu: Jualan ditutup ke Akaun Perdagangan dan sewa ke Akaun Untung Rugi. II dan III betul."
F4 Chp 7,radio,Kedah_Q14,A,B,C,D,C,Kedah/Picture14.png,"中文：保险为费用，记损益账户借方；存款利息和股息为收入，进货运费归交易账户。
Bahasa Melayu: Insurans ialah belanja di debit Untung Rugi; faedah simpanan dan dividen ialah hasil, manakala angkutan masuk masuk Akaun Perdagangan."
F4 Chp 7,radio,Perak_Q14,A,B,C,D,D,Perak/Picture14.png,"中文：股份投资收益是收入；交易及损益账户用于确定净利或净亏。应付工资属于负债，费用栏应列本期工资费用。
Bahasa Melayu: Keuntungan pelaburan saham ialah hasil dan akaun ini menentukan untung atau rugi bersih. Gaji belum bayar ialah liabiliti, bukan item belanja itu sendiri; III dan IV benar."
F4 Chp 7,radio,Terengganu_Q14,A,B,C,D,C,Terengganu/Picture14.png,"中文：营运资本 = 21,000 + 13,200 − 315 + 500 − 15,700 = RM18,685；期初存货不列年末资产，长期贷款不属流动负债。
Bahasa Melayu: Modal kerja = 21,000 + 13,200 − 315 + 500 − 15,700 = RM18,685. Inventori awal tidak digunakan sebagai aset akhir dan pinjaman jangka panjang bukan liabiliti semasa."
F4 Chp 7,radio,Kedah_Q15,A,B,C,D,B,Kedah/Picture15.png,"中文：销货成本 = 净购货 18,270 + 购货工资 120 − 期末存货 4,500 = RM13,890；净购货已扣除购货退回，不重复扣。
Bahasa Melayu: Kos jualan = 18,270 + 120 − 4,500 = RM13,890; pulangan belian sudah ditolak dalam belian bersih."
F4 Chp 7,radio,KelantanYik_Q15,A,B,C,D,D,Kelantan YIK/Picture15.png,"中文：净利 = 毛利 50,020 + 股息 250 − 租金 (1,500 + 500) = RM48,270。
Bahasa Melayu: Untung bersih = 50,020 + 250 − (1,500 + 500) = RM48,270 selepas memasukkan sewa belum bayar."
F4 Chp 7,radio,Terengganu_Q15,A,B,C,D,B,Terengganu/Picture15.png,"中文：购货退回为贷方余额，年末借记购货退回、贷记交易账户 RM210，减少净购货。
Bahasa Melayu: Pulangan Belian berbaki kredit; untuk menutupnya, debit Pulangan Belian dan kredit Akaun Perdagangan RM210."
F4 Chp 7,radio,KelantanYik_Q16,A,B,C,D,B,Kelantan YIK/Picture16.png,"中文：购货应在交易账户借方，毛利作为结平项也在借方，因此 II、III 所述贷方记录不正确。
Bahasa Melayu: Belian dan untung kasar sebagai angka imbangan dicatat di debit Akaun Perdagangan; pernyataan II dan III ialah pengecualian."
F4 Chp 7,radio,NegeriSembilan_Q16,A,B,C,D,D,Negeri Sembilan/Picture16.png,"中文：销货运费是销售费用，计损益账户；进货运费及购销退回属于交易账户计算。
Bahasa Melayu: Angkutan keluar ialah belanja jualan dalam Akaun Untung Rugi; angkutan masuk dan pulangan melibatkan Akaun Perdagangan."
F4 Chp 7,radio,KelantanYik_Q17,A,B,C,D,C,Kelantan YIK/Picture17.png,"中文：坏账准备从应收账款中扣除，会降低净流动资产及营运资本。题目未说明其他项目收付情况，现有答案选最直接调整流动资产的 C。
Bahasa Melayu: Peruntukan hutang ragu ditolak daripada ABT, lalu mengurangkan aset semasa bersih dan modal kerja; C ialah pelarasan paling langsung dalam soalan ini."
F4 Chp 7,radio,KelantanYik_Q18,A,B,C,D,A,Kelantan YIK/Picture18.png,"中文：业主权益 = 40,000 + 10,980 − 20,000 − 11,080 = RM19,900。
Bahasa Melayu: Ekuiti pemilik = jumlah aset − jumlah liabiliti = 40,000 + 10,980 − 20,000 − 11,080 = RM19,900."
F4 Chp 7,radio,Pahang_Q18,A,B,C,D,C,Pahang/Picture18.png,"中文：运出费是销售货品时发生的营业费用，列入损益账户；运入费及购货保险属于购货成本。
Bahasa Melayu: Angkutan keluar ialah belanja operasi dalam Akaun Untung Rugi; angkutan masuk dan insurans atas belian termasuk kos belian."
F4 Chp 7,radio,Pahang_Q19,A,B,C,D,D,Pahang/Picture19.png,"中文：可供出售货品成本 = 4,200 + 38,500 − 770 + 630 = RM42,560，尚未扣期末存货。
Bahasa Melayu: Kos barang untuk dijual = 4,200 + 38,500 − 770 + 630 = RM42,560, sebelum menolak inventori akhir."
F4 Chp 8,radio,NegeriSembilan_Q09,A,B,C,D,C,Negeri Sembilan/Picture9.png,"中文：账面值 = 70,000 − 25,000 = RM45,000；售价 = 45,000 + 出售利润 4,500 = RM49,500。
Bahasa Melayu: Nilai buku RM45,000 ditambah untung pelupusan RM4,500 memberikan harga pelupusan RM49,500."
F4 Chp 8,radio,Perlis_Q12,A,B,C,D,C,Perlis/Picture12.png,"中文：本期佣金 = 1,200 − 400 = RM800；净利 = 27,791 + 800 − 350 = RM28,241。提款不属于费用。
Bahasa Melayu: Komisen semasa = 1,200 − 400 = RM800. Untung bersih = 27,791 + 800 − 350 = RM28,241; ambilan bukan belanja."
F4 Chp 8,radio,Kelantan_Q13,A,B,C,D,A,Kelantan/Picture13.png,"中文：现金基础只在收到现金或实际付款时确认收入和费用。
Bahasa Melayu: Asas tunai mengiktiraf hasil apabila tunai diterima dan belanja apabila tunai dibayar."
F4 Chp 8,radio,Kelantan_Q14,A,B,C,D,C,Kelantan/Picture14.png,"中文：全年租金费用 RM8,400，已付 RM7,700，所以欠付 RM700；损益表记全年费用，财务状况表列欠付负债。
Bahasa Melayu: Belanja sewa RM8,400 dan sewa belum bayar = 8,400 − 7,700 = RM700, sebagai liabiliti semasa."
F4 Chp 8,radio,NegeriSembilan_Q14,A,B,C,D,C,Negeri Sembilan/Picture14.png,"中文：坏账收回收到现金，借记现金、贷记坏账收回收入。
Bahasa Melayu: Hutang lapuk terpulih diterima dengan debit Tunai dan kredit Hutang Lapuk Terpulih."
F4 Chp 8,radio,Perlis_Q14,A,B,C,D,D,Perlis/Picture14.png,"中文：4月至12月应得9个月租金，已收3个月，欠收6个月 = 18,000 ÷ 12 × 6 = RM9,000；借记应收租金、贷记租金收入。
Bahasa Melayu: Sewa terakru sembilan bulan, tetapi diterima tiga bulan. Belum terima enam bulan = 18,000 ÷ 12 × 6 = RM9,000; debit Sewa Belum Terima, kredit Sewa."
F4 Chp 8,radio,Selangor_Q14,A,B,C,D,D,Selangor/Picture14.png,"中文：权责发生制下，已经赚取但未收款的收入仍确认本期收入；预收收入尚未赚取。
Bahasa Melayu: Asas akruan mengiktiraf hasil belum terima sebagai hasil semasa kerana telah diperoleh; hasil belum terperoleh belum diiktiraf."
F4 Chp 8,radio,JohorSet_Q15,A,B,C,D,C,Johor Set 1/Picture15.png,"中文：坏账收回是已注销债务后来收回的款项，属于收入，记入损益账户贷方；II 和 III 正确。
Bahasa Melayu: Hutang lapuk terpulih ialah hutang yang dikutip selepas dihapuskan dan direkod sebagai hasil di kredit Untung Rugi. II dan III betul."
F4 Chp 8,radio,JohorSet_Q15,A,B,C,D,B,Johor Set 2/Picture15.png,"中文：收到已注销的坏账，银行资产增加，借记银行；坏账收回是收入，贷记坏账收回。
Bahasa Melayu: Hutang lapuk terpulih diterima dengan mendebit Bank dan mengkredit Hutang Lapuk Terpulih."
F4 Chp 8,radio,Kelantan_Q15,A,B,C,D,A,Kelantan/Picture15.png,"中文：扣坏账后应收 = 14,800 − 800 = 14,000；新准备 14,000 × 4% = 560，比原准备 296 增 RM264，记损益账户借方费用。
Bahasa Melayu: Peruntukan baharu = (14,800 − 800) × 4% = RM560; pertambahan 560 − 296 = RM264 ialah belanja di debit Untung Rugi."
F4 Chp 8,radio,Perak_Q15,A,B,C,D,A,Perak/Picture15.png,"中文：本期3月至5月共3个月，租金费用 = 11,400 ÷ 12 × 3 = RM2,850，其余为预付。
Bahasa Melayu: Sewa bagi Mac hingga Mei ialah tiga bulan: 11,400 ÷ 12 × 3 = RM2,850; bakinya ialah sewa prabayar."
F4 Chp 8,radio,Perlis_Q15,A,B,C,D,B,Perlis/Picture15.png,"中文：先注销新增坏账 RM450，再算准备：(50,500 − 450) × 2% = RM1,001。已有坏账 RM1,100 已经入账，无须再次扣除。
Bahasa Melayu: Peruntukan baharu = (50,500 − 450) × 2% = RM1,001. Hutang lapuk RM1,100 yang telah direkod tidak ditolak sekali lagi."
F4 Chp 8,radio,Selangor_Q15,A,B,C,D,A,Selangor/Picture15.png,"中文：租金支付至翌年3月，年末尚有3个月预付：3,600 ÷ 12 × 3 = RM900，列流动资产。
Bahasa Melayu: Sewa meliputi hingga Mac tahun berikutnya. Prabayar tiga bulan = 3,600 ÷ 12 × 3 = RM900, dicatat sebagai aset semasa."
F4 Chp 8,radio,JohorSet_Q16,A,B,C,D,C,Johor Set 1/Picture16.png,"中文：本年直线折旧 = 40,000 × 10% = RM4,000；累计折旧 = 2,000 + 4,000 = RM6,000。
Bahasa Melayu: Susut nilai tahun semasa = 40,000 × 10% = RM4,000; susut nilai terkumpul = 2,000 + 4,000 = RM6,000."
F4 Chp 8,radio,JohorSet_Q16,A,B,C,D,A,Johor Set 2/Picture16.png,"中文：首年折旧 = 12,000 × 10% = 1,200；第二年 = (12,000 − 1,200) × 10% = RM1,080。
Bahasa Melayu: Susut nilai tahun pertama RM1,200; tahun kedua = (12,000 − 1,200) × 10% = RM1,080."
F4 Chp 8,radio,Kedah_Q16,A,B,C,D,B,Kedah/Picture16.png,"中文：实物磨损、损坏及技术过时会使非流动资产的使用价值降低，形成折旧。
Bahasa Melayu: Kerosakan fizikal dan keusangan menyebabkan aset bukan semasa mengalami susut nilai."
F4 Chp 8,radio,Kelantan_Q16,A,B,C,D,C,Kelantan/Picture16.png,"中文：2023 半年折旧 = 126,000 × 10% × 6/12 = 6,300；2024 折旧 = 119,700 × 10% = 11,970，账面值 RM107,730。
Bahasa Melayu: Susut nilai 2023 RM6,300; susut nilai 2024 = 119,700 × 10% = RM11,970. Nilai buku akhir RM107,730."
F4 Chp 8,radio,Perak_Q16,A,B,C,D,A,Perak/Picture16.png,"中文：文具费用 = 期初存货 + 购入 − 期末存货，所以购入 = 850 − 900 + 350 = RM300。
Bahasa Melayu: Belanja alat tulis = inventori awal + belian − inventori akhir. Belian = 850 − 900 + 350 = RM300."
F4 Chp 8,radio,Perlis_Q16,A,B,C,D,C,Perlis/Picture16.png,"中文：新准备 = 6,000 × 4% = RM240，旧准备 RM400，减少 RM160 作为收入，使利润增加。
Bahasa Melayu: Peruntukan baharu = 6,000 × 4% = RM240; pengurangan daripada RM400 sebanyak RM160 direkod sebagai hasil."
F4 Chp 8,radio,Selangor_Q16,A,B,C,D,A,Selangor/Picture16.png,"中文：新准备 = (40,600 − 300) × 2% = RM806；比原有650增加 RM156，列损益费用。
Bahasa Melayu: Peruntukan baharu = (40,600 − 300) × 2% = RM806. Pertambahan = 806 − 650 = RM156, dicatat sebagai belanja."
F4 Chp 8,radio,Terengganu_Q16,A,B,C,D,A,Terengganu/Picture16.png,"中文：本期租金 = 已付29,000 − 期初应付2,400 − 期末预付3,600 = RM23,000。
Bahasa Melayu: Belanja sewa semasa = bayaran 29,000 − belum bayar awal 2,400 − prabayar akhir 3,600 = RM23,000."
F4 Chp 8,radio,JohorSet_Q17,A,B,C,D,B,Johor Set 1/Picture17.png,"中文：折旧分别为 5,000、4,500 及 40,500 × 10% × 6/12 = 2,025，累计 RM11,525；账面值 RM38,475，售价 RM32,000，亏损 RM6,475。
Bahasa Melayu: Susut nilai ialah 5,000 + 4,500 + 2,025 = RM11,525. Nilai buku RM38,475 ditolak harga jualan RM32,000 memberikan rugi pelupusan RM6,475."
F4 Chp 8,radio,JohorSet_Q17,A,B,C,D,B,Johor Set 2/Picture17.png,"中文：期初账面值 = 12,500 − 4,500 = 8,000；本年折旧 1,600，出售时账面值 6,400，售价 6,000，亏损 RM400。
Bahasa Melayu: Nilai buku awal RM8,000; susut nilai RM1,600 menjadikan nilai buku RM6,400. Harga jualan RM6,000 menghasilkan rugi RM400."
F4 Chp 8,radio,Kedah_Q17,A,B,C,D,D,Kedah/Picture17.png,"中文：未付电费为流动负债；确认 RM300 电费增加本期费用，使调整后净利减少。
Bahasa Melayu: Elektrik belum bayar ialah liabiliti semasa; belanja RM300 mengurangkan untung bersih terselaras."
F4 Chp 8,radio,Kelantan_Q17,A,B,C,D,B,Kelantan/Picture17.png,"中文：共使用 28 个月，折旧 = 60,000 × 15% × 28/12 = 21,000；账面值 39,000，售价 45,500，出售利润 RM6,500。
Bahasa Melayu: Susut nilai 28 bulan = 60,000 × 15% × 28/12 = RM21,000; harga jualan RM45,500 ditolak nilai buku RM39,000 memberikan untung RM6,500."
F4 Chp 8,radio,NegeriSembilan_Q17,A,B,C,D,A,Negeri Sembilan/Picture17.png,"中文：预付广告费和应收佣金均为流动资产；预收租金和欠付税费是流动负债，因此 I、II 正确。
Bahasa Melayu: Promosi prabayar dan komisen belum terima ialah aset semasa; sewa belum terperoleh serta kadar bayaran belum bayar ialah liabiliti semasa."
F4 Chp 8,radio,Perak_Q17,A,B,C,D,C,Perak/Picture17.png,"中文：已注销欠款后来收回属于坏账收回，是2025年的收入 RM204。
Bahasa Melayu: Hutang yang telah dihapus kira dan diterima semula ialah hutang lapuk terpulih, direkod sebagai hasil RM204 pada 2025."
F4 Chp 8,radio,Perlis_Q17,A,B,C,D,A,Perlis/Picture17.png,"中文：RM80,000 已含新增货车 RM50,000；旧车折旧 30,000 × 10% = 3,000，新车半年折旧 50,000 × 10% × 6/12 = 2,500；累计 = 15,000 + 5,500 = RM20,500。
Bahasa Melayu: RM80,000 termasuk van baharu RM50,000. Susut nilai lama = 30,000 × 10% = 3,000; van = 50,000 × 10% × 6/12 = 2,500. Terkumpul = 15,000 + 5,500 = RM20,500."
F4 Chp 8,radio,Selangor_Q17,A,B,C,D,C,Selangor/Picture17.png,"中文：直线折旧 = (成本60,000 − 残值2,000) ÷ 8年 = RM7,250。
Bahasa Melayu: Susut nilai garis lurus = (kos 60,000 − nilai skrap 2,000) ÷ 8 tahun = RM7,250."
F4 Chp 8,radio,Terengganu_Q17,A,B,C,D,C,Terengganu/Picture17.png,"中文：期末呆账准备 = 应收9,400 × 5% = RM470；RM150只是比旧准备增加的金额。
Bahasa Melayu: Peruntukan hutang ragu akhir = ABT 9,400 × 5% = RM470; RM150 ialah pertambahan berbanding peruntukan lama."
F4 Chp 8,radio,Kedah_Q18,A,B,C,D,A,Kedah/Picture18.png,"中文：出售亏损 = 7,800 − 7,100 = RM700；借记出售机器亏损、贷记机器处置账户。
Bahasa Melayu: Rugi pelupusan = 7,800 − 7,100 = RM700; debit Rugi Pelupusan Mesin dan kredit Pelupusan Mesin."
F4 Chp 8,radio,Kelantan_Q18,A,B,C,D,D,Kelantan/Picture18.png,"中文：坏账收回是债务已注销后又收到的款项，属于本期其他收入。
Bahasa Melayu: Hutang lapuk terpulih ialah hutang yang diterima semula setelah dihapuskan dan diiktiraf sebagai hasil."
F4 Chp 8,radio,Perak_Q18,A,B,C,D,B,Perak/Picture18.png,"中文：技术更新造成过时，实体损坏和磨损也降低资产价值，因此 I、IV 是折旧原因。
Bahasa Melayu: Perubahan teknologi serta kerosakan fizikal dan keusangan menyebabkan susut nilai; I dan IV benar."
F4 Chp 8,radio,Perlis_Q18,A,B,C,D,B,Perlis/Picture18.png,"中文：已使用文具费用 = 1,250 − 370 = RM880；未使用 RM370 是文具存货。两者在调整后试算表均为借方。
Bahasa Melayu: Belanja alat tulis = 1,250 − 370 = RM880; inventori alat tulis RM370 ialah aset. Kedua-duanya berbaki debit dalam Imbangan Duga terselaras."
F4 Chp 8,radio,Selangor_Q18,A,B,C,D,C,Selangor/Picture18.png,"中文：本期折旧 = (90,000 − 32,400) × 20% = RM11,520；更新后净值 RM46,080，售价47,000，处置盈利 RM920。
Bahasa Melayu: Susut nilai semasa = (90,000 − 32,400) × 20% = RM11,520. Nilai buku selepas susut nilai RM46,080; untung pelupusan = 47,000 − 46,080 = RM920."
F4 Chp 8,radio,Terengganu_Q18,A,B,C,D,B,Terengganu/Picture18.png,"中文：2023半年折旧 =35,000 ×10% ×6/12 =1,750；2024折旧 =(35,000 −1,750) ×10% =3,325；累计 RM5,075。
Bahasa Melayu: Susut nilai 2023 =35,000 ×10% ×6/12 =1,750. Susut nilai 2024 =(35,000 −1,750) ×10% =3,325. Jumlah terkumpul RM5,075."
F4 Chp 8,radio,Kelantan_Q19,A,B,C,D,D,Kelantan/Picture19.png,"中文：会计期于 9 月结束，10 至 12 月预先收到的租金尚未赚取，列作未实现租金收入负债。
Bahasa Melayu: Sewa bagi Oktober hingga Disember diterima sebelum diperoleh; pada 30 September ia menjadi Sewa Belum Terperoleh."
F4 Chp 8,radio,KelantanYik_Q19,A,B,C,D,A,Kelantan YIK/Picture19.png,"中文：本期租金 = 已付 5,500 − 期初欠付 500 − 期末预付 750 = RM4,250。
Bahasa Melayu: Belanja sewa = 5,500 − 500 − 750 = RM4,250 selepas menolak tunggakan awal dan prabayar akhir."
F4 Chp 8,radio,Perak_Q19,A,B,C,D,A,Perak/Picture19.png,"中文：账面净值 = 36,800 − 7,360 = RM29,440；售价 RM27,200 较低，处置亏损 = RM2,240。
Bahasa Melayu: Nilai buku = 36,800 − 7,360 = RM29,440. Rugi pelupusan = 29,440 − 27,200 = RM2,240."
F4 Chp 8,radio,Selangor_Q19,A,B,C,D,A,Selangor/Picture19.png,"中文：3月至12月保险费用 = 7,200 × 10/12 = RM6,000；翌年两个月 RM1,200 为预付保险资产。
Bahasa Melayu: Belanja insurans Mac hingga Disember = 7,200 × 10/12 = RM6,000. Baki dua bulan RM1,200 ialah insurans prabayar dalam Penyata Kedudukan Kewangan."
F4 Chp 8,radio,Terengganu_Q19,A,B,C,D,B,Terengganu/Picture19.png,"中文：这台打印机两年折旧 =800 ×20% ×2 =320；净值480，售价350，处置亏损 RM130。须按该机器成本计算，不直接使用整项办公设备准备。
Bahasa Melayu: Susut nilai pencetak dua tahun =800 ×20% ×2 =320. Nilai buku480; rugi pelupusan =480 −350 = RM130. Gunakan kos pencetak itu, bukan keseluruhan aset pejabat."
F4 Chp 8,radio,Kedah_Q20,A,B,C,D,B,Kedah/Picture20.png,"中文：新坏账准备 = 19,300 × 2% = RM386；原准备 450，须减少 RM64，记准备账户借方，期末贷方余额 RM386。
Bahasa Melayu: Peruntukan baharu = 19,300 × 2% = RM386; pengurangan RM64 didebitkan dalam Akaun Peruntukan Hutang Ragu."
F4 Chp 8,radio,KelantanYik_Q20,A,B,C,D,C,Kelantan YIK/Picture20.png,"中文：预收下一期收入尚未赚取，须列为流动负债 Hasil Belum Terperoleh。
Bahasa Melayu: Hasil diterima bagi tempoh akan datang belum diperoleh dan direkod sebagai liabiliti semasa, iaitu Hasil Belum Terperoleh."
F4 Chp 8,radio,Pahang_Q20,A,B,C,D,B,Pahang/Picture20.png,"中文：租金收入收款时贷记租金收入、借记银行；结转收入时借记租金收入、贷记损益账户。
Bahasa Melayu: Sewa diterima dikreditkan apabila wang masuk ke Bank; pada akhir tempoh, debit Sewa Diterima dan kredit Akaun Untung Rugi."
F4 Chp 8,radio,Pahang_Q21,A,B,C,D,D,Pahang/Picture21.png,"中文：本期水电费 = 已付 2,500 + 期初预付 600 + 期末应付 400 = RM3,500。
Bahasa Melayu: Belanja utiliti semasa = bayaran 2,500 + prabayar awal 600 + belum bayar akhir 400 = RM3,500."
F4 Chp 8,radio,Pahang_Q22,A,B,C,D,C,Pahang/Picture22.png,"中文：新增坏账 RM650；新准备 = (15,000 − 650) × 2% = RM287，比旧准备 RM380 减少 RM93，净利因此减少 650 − 93 = RM557。
Bahasa Melayu: Hutang lapuk tambahan RM650. Peruntukan baharu = (15,000 − 650) × 2% = RM287; pengurangan RM93 menyebabkan untung bersih berkurang 650 − 93 = RM557."
F4 Chp 8,radio,Pahang_Q23,A,B,C,D,B,Pahang/Picture23.png,"中文：2023年11月至2025年3月共17个月，累计折旧 = 60,000 × 10% × 17/12 = RM8,500。
Bahasa Melayu: Dari November 2023 hingga Mac 2025 ialah 17 bulan. Susut nilai terkumpul = 60,000 × 10% × 17/12 = RM8,500."
F4 Chp 8,radio,KelantanYik_Q31,A,B,C,D,C,Kelantan YIK/Picture31.png,"中文：两年折旧 = 8,500 × 10% × 2 = 1,700；账面值 6,800，售价 5,000，出售亏损 RM1,800。
Bahasa Melayu: Susut nilai dua tahun RM1,700; nilai buku RM6,800 ditolak harga jualan RM5,000 memberikan rugi RM1,800."
F4 Chp 9,radio,JohorSet_Q18,A,B,C,D,D,Johor Set 1/Picture18.png,"中文：转移错误可使试算表借贷不平衡，属于明显错误；原则、颠倒及佣金错误通常仍维持平衡。
Bahasa Melayu: Kesilapan pindahan boleh menyebabkan Imbangan Duga tidak seimbang, maka merupakan kesilapan ketara."
F4 Chp 9,radio,JohorSet_Q18,A,B,C,D,B,Johor Set 2/Picture18.png,"中文：应记 Shaza 却误记同类供应商 Shazi，属于同类账户之间的佣金错误 Kesilapan Komisen。
Bahasa Melayu: Catatan kepada Shazi menggantikan Shaza melibatkan akaun sejenis, maka ialah kesilapan komisen."
F4 Chp 9,radio,NegeriSembilan_Q18,A,B,C,D,B,Negeri Sembilan/Picture18.png,"中文：Azue 的赊销误记另一客户 Azie，属于相同类别账户之间的佣金错误。
Bahasa Melayu: Catatan jualan kepada pelanggan lain dalam kelas akaun sama ialah kesilapan komisen."
F4 Chp 9,radio,JohorSet_Q19,A,B,C,D,C,Johor Set 1/Picture19.png,"中文：存货取较低值 RM19,990；流动资产 = 19,990 + 1,200 + 12,800 + 2,000 + 30,000 = 65,990。流动负债 = 23,400 + 1,500 = 24,900；营运资本 RM41,090。
Bahasa Melayu: Inventori dinilai RM19,990. Aset semasa RM65,990 ditolak liabiliti semasa RM24,900, termasuk overdraf RM1,500, memberikan modal kerja RM41,090."
F4 Chp 9,radio,JohorSet_Q19,A,B,C,D,B,Johor Set 2/Picture19.png,"中文：维修费 RM800 误记资产，导致费用少记、净利高估；新净利 = 10,200 − 800 = RM9,400。
Bahasa Melayu: Belanja pembaikan RM800 tersalah menjadi aset, menyebabkan untung terlebih. Untung baharu = 10,200 − 800 = RM9,400."
F4 Chp 9,radio,Kedah_Q19,A,B,C,D,A,Kedah/Picture19.png,"中文：办公电脑是非流动资产，误记商品购货把资本支出当营业支出，属于原则错误。
Bahasa Melayu: Komputer ialah aset bukan semasa; merekodnya sebagai Belian merupakan kesilapan prinsip."
F4 Chp 9,radio,Perlis_Q19,A,B,C,D,A,Perlis/Picture19.png,"中文：同一佣金收款同时借记现金和佣金，缺少对应贷记，使借贷不平衡，是明显错误。
Bahasa Melayu: Penerimaan komisen didebitkan kepada Buku Tunai dan Komisen tanpa catatan kredit, menyebabkan Imbangan Duga tidak seimbang."
F4 Chp 9,radio,Kelantan_Q20,A,B,C,D,B,Kelantan/Picture20.png,"中文：现金销售应借记现金、贷记销售，题目两边方向完全颠倒，属于颠倒错误。
Bahasa Melayu: Jualan tunai sepatutnya debit Tunai dan kredit Jualan; kedua-duanya diterbalikkan, maka kesilapan terbalik."
F4 Chp 9,radio,Perak_Q20,A,B,C,D,D,Perak/Picture20.png,"中文：实际支票 RM310 却记成 RM130，属于金额记录错误。
Bahasa Melayu: Cek sebenar RM310 direkod sebagai RM130; ini ialah kesilapan amaun."
F4 Chp 9,radio,Perlis_Q20,A,B,C,D,A,Perlis/Picture20.png,"中文：原先错误贷记 Danisha，应借记 Danisha RM1,500 取消，再贷记正确供应商 Danish RM1,500。
Bahasa Melayu: Debit Danisha RM1,500 untuk membatalkan kredit salah, kemudian kredit Danish RM1,500 kepada pembekal sebenar."
F4 Chp 9,radio,Selangor_Q20,A,B,C,D,C,Selangor/Picture20.png,"中文：维修费属于收益支出，却记入车辆资产，混淆费用及资产，属于原则错误。
Bahasa Melayu: Belanja membaiki kenderaan ialah perbelanjaan hasil tetapi direkod sebagai aset; ini ialah kesilapan prinsip."
F4 Chp 9,radio,Terengganu_Q20,A,B,C,D,D,Terengganu/Picture20.png,"中文：折旧应列损益借方费用，坏账收回应列贷方收入；题中两项位置颠倒。
Bahasa Melayu: Susut nilai ialah belanja di debit Akaun Untung Rugi; hutang lapuk terpulih ialah hasil di kredit. Kedua-duanya tersalah bahagian."
F4 Chp 9,radio,Kelantan_Q21,A,B,C,D,B,Kelantan/Picture21.png,"中文：折旧费用增加 RM1,500，使本期净利减少 RM1,500，也降低资产账面值。
Bahasa Melayu: Belanja susut nilai bertambah RM1,500 menyebabkan untung bersih berkurang RM1,500."
F4 Chp 9,radio,KelantanYik_Q21,A,B,C,D,B,Kelantan YIK/Picture21.png,"中文：I 把维修费记车辆是原则错误；III 把付款借贷颠倒是颠倒错误，两者仍借贷相等，试算表不能发现。
Bahasa Melayu: I ialah kesilapan prinsip dan III ialah kesilapan terbalik; kedua-duanya tidak menjejaskan kesamaan jumlah debit dan kredit."
F4 Chp 9,radio,Perak_Q21,A,B,C,D,C,Perak/Picture21.png,"中文：私人家具投入企业应增加家具及资本；完全漏记使两者均少记 RM8,700。
Bahasa Melayu: Perabot peribadi yang dibawa masuk menambah Perabot dan Modal; kegagalan merekod menyebabkan kedua-duanya terkurang catat RM8,700."
F4 Chp 9,radio,Selangor_Q21,A,B,C,D,A,Selangor/Picture21.png,"中文：待售家具是货品，应记购货；借记购货、贷记家具账户，取消错误资产记录。
Bahasa Melayu: Perabot untuk dijual ialah barang niaga. Debit Belian dan kredit Perabot untuk memindahkan catatan daripada aset kepada belian."
F4 Chp 9,radio,Terengganu_Q21,A,B,C,D,D,Terengganu/Picture21.png,"中文：出售旧家具的整笔交易完全没记入账簿，属于整笔交易遗漏错误。
Bahasa Melayu: Jualan perabot lama langsung tidak direkod ialah kesilapan ketinggalan satu urus niaga."
F4 Chp 9,radio,KelantanYik_Q22,A,B,C,D,D,Kelantan YIK/Picture22.png,"中文：把交易记入不同类别的错误账户，例如费用误记资产，属于原则错误。
Bahasa Melayu: Kesilapan menggunakan akaun dengan pengelasan berlainan ialah kesilapan prinsip."
F4 Chp 9,radio,Pahang_Q24,A,B,C,D,D,Pahang/Picture24.png,"中文：整笔佣金付款没有记入任何账簿，属于遗漏错误，而不是佣金错误。
Bahasa Melayu: Bayaran komisen yang langsung tidak direkod dalam mana-mana buku ialah kesilapan ketinggalan."
F5 Chp 1,radio,NegeriSembilan_Q19,A,B,C,D,D,Negeri Sembilan/Picture19.png,"中文：付款期限 = 应付账款 10,000 ÷ 赊购 40,000 × 365 = 91.25 天；本题以整天向上取为 92 天。
Bahasa Melayu: Tempoh pembayaran hutang = 10,000 ÷ 40,000 × 365 = 91.25 hari, dibundarkan ke atas kepada 92 hari dalam pilihan."
F5 Chp 1,radio,JohorSet_Q20,A,B,C,D,A,Johor Set 1/Picture20.png,"中文：销货成本 = 98,200 − 56,800 = RM41,400；存货周转率 = 41,400 ÷ 2,000 = 20.70 次。
Bahasa Melayu: Kos jualan = 98,200 − 56,800 = RM41,400; kadar pusing ganti inventori = 41,400 ÷ 2,000 = 20.70 kali."
F5 Chp 1,radio,JohorSet_Q20,A,B,C,D,B,Johor Set 2/Picture20.png,"中文：净利 = 11,500 − 5,100 = 6,400；净利率 25%，所以净销售 = 6,400 ÷ 25% = RM25,600。
Bahasa Melayu: Untung bersih = 11,500 − 5,100 = RM6,400; jualan bersih = 6,400 ÷ 25% = RM25,600."
F5 Chp 1,radio,NegeriSembilan_Q20,A,B,C,D,B,Negeri Sembilan/Picture20.png,"中文：资本回报率反映资本投入取得净利的能力，适合比较两公司的投资回报。
Bahasa Melayu: Pulangan atas modal mengukur keuntungan daripada modal yang dilaburkan dan membantu keputusan pelaburan."
F5 Chp 1,radio,Kedah_Q21,A,B,C,D,D,Kedah/Picture21.png,"中文：存货周转率衡量企业在一个会计期间售出和更换存货的效率。
Bahasa Melayu: Pusing ganti inventori mengukur keupayaan perniagaan menjual dan menggantikan barang niaga dalam tempoh perakaunan."
F5 Chp 1,radio,Perlis_Q21,A,B,C,D,D,Perlis/Picture21.png,"中文：流动比率 = 流动资产 ÷ 流动负债，评估企业偿还短期债务的能力。
Bahasa Melayu: Nisbah semasa = aset semasa ÷ liabiliti semasa, mengukur kemampuan membayar hutang jangka pendek."
F5 Chp 1,radio,Kedah_Q22,A,B,C,D,C,Kedah/Picture22.png,"中文：销货成本 = 82,300 − 19,560 = 62,740；平均存货 = (16,870 + 19,560) ÷ 2 = 18,215；周转率约 3.44 次。
Bahasa Melayu: Kos jualan RM62,740 dibahagi inventori purata RM18,215 memberikan pusing ganti inventori 3.44 kali."
F5 Chp 1,radio,Kelantan_Q22,A,B,C,D,D,Kelantan/Picture22.png,"中文：流动比率 = 流动资产 ÷ 流动负债，衡量企业以流动资产偿还短期负债的能力。
Bahasa Melayu: Nisbah semasa = aset semasa ÷ liabiliti semasa; mengukur kemampuan membayar liabiliti semasa."
F5 Chp 1,radio,Perak_Q22,A,B,C,D,B,Perak/Picture22.png,"中文：酸性测试比率评估不依赖存货变现即可迅速偿还短期债务的能力。
Bahasa Melayu: Nisbah ujian asid mengukur keupayaan membayar hutang jangka pendek dengan segera tanpa bergantung pada penjualan inventori."
F5 Chp 1,radio,Perlis_Q22,A,B,C,D,C,Perlis/Picture22.png,"中文：SPM资本报酬率使用期初资本：所需净利 = 120,000 × 20% = RM24,000。
Bahasa Melayu: Pulangan atas modal menggunakan modal awal dalam rumus SPM; untung bersih diperlukan = 120,000 × 20% = RM24,000."
F5 Chp 1,radio,Selangor_Q22,A,B,C,D,D,Selangor/Picture22.png,"中文：流动比率是流动性比率，衡量流动资产偿付流动负债的能力。
Bahasa Melayu: Nisbah semasa ialah nisbah kecairan yang mengukur kemampuan aset semasa menjelaskan liabiliti semasa."
F5 Chp 1,radio,Terengganu_Q22,A,B,C,D,D,Terengganu/Picture22.png,"中文：存货周转率衡量货品在一段时间内售出及补货的速度，可评估存货管理效率。
Bahasa Melayu: Kadar pusing ganti inventori mengukur kekerapan inventori dijual dan diganti, untuk menilai kecekapan pengurusan inventori."
F5 Chp 1,radio,KelantanYik_Q23,A,B,C,D,D,Kelantan YIK/Picture23.png,"中文：流动比率由 3:2（1.5:1）降至 3:5（0.6:1）；流动资产不足偿还全部流动负债，短期偿债能力下降。
Bahasa Melayu: Nisbah semasa menurun daripada 1.5:1 kepada 0.6:1, menunjukkan aset semasa tidak mencukupi untuk menjelaskan semua liabiliti semasa."
F5 Chp 1,radio,Perak_Q23,A,B,C,D,C,Perak/Picture23.png,"中文：资本报酬率比较投入资本所赚取的利润，适合评估投资表现。
Bahasa Melayu: Pulangan atas modal membandingkan keuntungan dengan modal yang dilaburkan, sesuai untuk menilai pilihan pelaburan."
F5 Chp 1,radio,Kelantan_Q24,A,B,C,D,B,Kelantan/Picture24.png,"中文：高存货周转率表示存货售出并补充的次数多，存货更换频繁。
Bahasa Melayu: Pusing ganti inventori tinggi menunjukkan inventori dijual dan diganti dengan kerap."
F5 Chp 1,radio,KelantanYik_Q24,A,B,C,D,A,Kelantan YIK/Picture24.png,"中文：毛利对销货成本的百分比，即加价率 = 34,500 ÷ 66,000 × 100% = 52.27%。
Bahasa Melayu: Tokokan = untung kasar ÷ kos jualan × 100% = 34,500 ÷ 66,000 × 100% = 52.27%."
F5 Chp 1,radio,KelantanYik_Q25,A,B,C,D,A,Kelantan YIK/Picture25.png,"中文：资本回报率衡量投入资本带来的净利，有助投资者比较投资盈利能力。
Bahasa Melayu: Pulangan atas modal mengukur untung bersih daripada modal yang dilaburkan dan membantu membandingkan pelaburan."
F5 Chp 1,radio,Pahang_Q25,A,B,C,D,C,Pahang/Picture25.png,"中文：收债期表示客户平均需要多久才偿还欠款。
Bahasa Melayu: Tempoh kutipan hutang mengukur purata masa yang diambil pelanggan untuk membayar hutang."
F5 Chp 2,radio,JohorSet_Q21,A,B,C,D,C,Johor Set 1/Picture21.png,"中文：没有系统地保存原始凭证会导致记录不完整；不能确定利润或查错是后果。
Bahasa Melayu: Dokumen yang tidak disimpan secara sistematik menyebabkan rekod tidak lengkap; kesukaran menentukan untung ialah kesannya."
F5 Chp 2,radio,JohorSet_Q21,A,B,C,D,A,Johor Set 2/Picture21.png,"中文：佣金收入是非主要营业收入，结账转入损益账户的收入部分。
Bahasa Melayu: Komisen diterima ialah hasil bukan operasi yang dipindahkan ke bahagian hasil Akaun Untung Rugi."
F5 Chp 2,radio,NegeriSembilan_Q21,A,B,C,D,A,Negeri Sembilan/Picture21.png,"中文：每项交易只作单项记录而不完整记录借贷两面，是不完整记录或单式记账的做法。
Bahasa Melayu: Merekod urus niaga dalam satu catatan sahaja ialah amalan rekod tak lengkap, bukannya sistem catatan bergu."
F5 Chp 2,radio,JohorSet_Q22,A,B,C,D,B,Johor Set 1/Picture22.png,"中文：资本 = 资产 − 负债 = 55,500 − 15,500 = RM40,000，因此 P 为资产，Q 为负债。
Bahasa Melayu: Modal = aset − liabiliti = 55,500 − 15,500 = RM40,000. P ialah aset dan Q ialah liabiliti."
F5 Chp 2,radio,JohorSet_Q22,A,B,C,D,B,Johor Set 2/Picture22.png,"中文：资本比较法：净利 = 期末资本 + 提款 − 追加资本 − 期初资本，因此应加回提款。
Bahasa Melayu: Untung bersih = modal akhir + ambilan − modal tambahan − modal awal; ambilan perlu ditambah kepada modal akhir."
F5 Chp 2,radio,NegeriSembilan_Q22,A,B,C,D,C,Negeri Sembilan/Picture22.png,"中文：提款 = 净利 8,200 − 期末资本 33,700 + 期初资本 27,400 + 追加资本 5,000 = RM6,900。
Bahasa Melayu: Ambilan = 8,200 − 33,700 + 27,400 + 5,000 = RM6,900."
F5 Chp 2,radio,JohorSet_Q23,A,B,C,D,A,Johor Set 1/Picture23.png,"中文：期末资本 = 8,000 + 17,250 + 34,610 + 450 − 9,200 − 850 = RM50,260；净利 = 50,260 + 4,000 − 37,090 = RM17,170。
Bahasa Melayu: Modal akhir = 8,000 + 17,250 + 34,610 + 450 − 9,200 − 850 = RM50,260; untung bersih = 50,260 + 4,000 − 37,090 = RM17,170."
F5 Chp 2,radio,JohorSet_Q23,A,B,C,D,A,Johor Set 2/Picture23.png,"中文：净购货 = 32,680 − 960 − 600 = RM31,120；期初存货不属于净购货。
Bahasa Melayu: Belian bersih = 32,680 − 960 − 600 = RM31,120; inventori awal tidak dimasukkan dalam belian bersih."
F5 Chp 2,radio,Kedah_Q23,A,B,C,D,D,Kedah/Picture23.png,"中文：单式记账资料不完整，利润与其他绩效指标的计算可能不准确，使企业表现难以准确评估。
Bahasa Melayu: Catatan tunggal tidak lengkap menyebabkan penilaian prestasi perniagaan tidak dapat dilakukan dengan tepat."
F5 Chp 2,radio,Kelantan_Q23,A,B,C,D,C,Kelantan/Picture23.png,"中文：不完整记录无法直接编完整损益账，资本比较法通过资本变动推算利润或亏损。
Bahasa Melayu: Kaedah perbandingan menentukan untung atau rugi melalui perubahan modal apabila rekod lengkap tidak tersedia."
F5 Chp 2,radio,Perlis_Q23,A,B,C,D,B,Perlis/Picture23.png,"中文：期初资本 = 资产 − 负债 = 5,000 + 2,500 + 200 − 1,450 − 400 = RM5,850。
Bahasa Melayu: Modal awal = aset − liabiliti = 5,000 + 2,500 + 200 − 1,450 − 400 = RM5,850."
F5 Chp 2,radio,Selangor_Q23,A,B,C,D,C,Selangor/Picture23.png,"中文：记录不完整时，用期初及期末资本变化，调整提款与追加资本，可推算利润。
Bahasa Melayu: Modal awal dan modal akhir diperlukan untuk mengira untung melalui kaedah perbandingan selepas pelarasan ambilan dan modal tambahan."
F5 Chp 2,radio,Terengganu_Q23,A,B,C,D,A,Terengganu/Picture23.png,"中文：记录被火灾破坏后，可分析剩余现金簿、账单及余额重建资料，再推算盈利，属于分析法。
Bahasa Melayu: Kaedah analisis menggunakan rekod yang masih ada untuk membina semula maklumat dan menentukan untung atau rugi apabila rekod tidak lengkap."
F5 Chp 2,radio,Kedah_Q24,A,B,C,D,D,Kedah/Picture24.png,"中文：净利 = 期末资本 26,000 + 提款 1,500 − 追加资本 6,000 − 期初资本 11,000 = RM10,500。
Bahasa Melayu: Untung = 26,000 + 1,500 − 6,000 − 11,000 = RM10,500."
F5 Chp 2,radio,Perak_Q24,A,B,C,D,A,Perak/Picture24.png,"中文：期末资本 = 81,525 − 34,290 = RM47,235；期初资本 = 47,235 − 13,110 = RM34,125。
Bahasa Melayu: Modal akhir = 81,525 − 34,290 = RM47,235. Modal awal = 47,235 − 13,110 = RM34,125."
F5 Chp 2,radio,Perlis_Q24,A,B,C,D,D,Perlis/Picture24.png,"中文：赊销 = 期末应收1,900 + 收客户款2,000 − 期初应收2,550 = RM1,350；加现金销售 RM600，销售合计 RM1,950。
Bahasa Melayu: Jualan kredit = ABT akhir 1,900 + penerimaan pelanggan 2,000 − ABT awal 2,550 = RM1,350. Tambah jualan tunai RM600, jumlah jualan RM1,950."
F5 Chp 2,radio,Selangor_Q24,A,B,C,D,B,Selangor/Picture24.png,"中文：净利 = 50,000 + 5,000 − 30,000 − 10,000 = RM15,000。
Bahasa Melayu: Untung bersih = modal akhir + ambilan − modal awal − modal tambahan = 50,000 + 5,000 − 30,000 − 10,000 = RM15,000."
F5 Chp 2,radio,Terengganu_Q24,A,B,C,D,A,Terengganu/Picture24.png,"中文：全年提款 =100 ×12 =1,200；净利 =49,500 +1,200 −40,000 = RM10,700。
Bahasa Melayu: Ambilan setahun =100 ×12 =1,200. Untung bersih =49,500 +1,200 −40,000 = RM10,700."
F5 Chp 2,radio,Kedah_Q25,A,B,C,D,A,Kedah/Picture25.png,"中文：赊销 = 期末应收 17,000 + 客户还款 23,540 − 期初应收 8,500 = RM32,040；购货退回不影响应收账款。
Bahasa Melayu: Jualan kredit = 17,000 + 23,540 − 8,500 = RM32,040; pulangan keluar tidak melibatkan Akaun Belum Terima."
F5 Chp 2,radio,Perak_Q25,A,B,C,D,A,Perak/Picture25.png,"中文：提款 = 期初资本 + 追加资本 + 净利 − 期末资本 = 42,000 + 6,000 + 15,000 − 60,000 = RM3,000。
Bahasa Melayu: Ambilan = modal awal + modal tambahan + untung bersih − modal akhir = 42,000 + 6,000 + 15,000 − 60,000 = RM3,000."
F5 Chp 2,radio,Terengganu_Q25,A,B,C,D,B,Terengganu/Picture25.png,"中文：水电费 =2,700 −340 +270 = RM2,630；租金收入 =7,600 +800 −590 = RM7,810。
Bahasa Melayu: Utiliti =2,700 − belum bayar awal340 + belum bayar akhir270 = RM2,630. Sewa =7,600 + belum terperoleh awal800 − akhir590 = RM7,810."
F5 Chp 2,radio,KelantanYik_Q26,A,B,C,D,B,Kelantan YIK/Picture26.png,"中文：租金费用 = 已付 5,250 + 期初预付 650 − 期末预付 1,000 = RM4,900。
Bahasa Melayu: Belanja sewa = 5,250 + 650 − 1,000 = RM4,900."
F5 Chp 2,radio,Pahang_Q26,A,B,C,D,C,Pahang/Picture26.png,"中文：期初资本 = 10,000 + 6,000 + 18,000 + 4,200 − 2,800 = RM35,400；期末资本 = 8,000 + 5,200 + 20,000 + 3,700 − 4,100 = RM32,800；亏损 = 35,400 − 32,800 = RM2,600。
Bahasa Melayu: Modal awal = 10,000 + 6,000 + 18,000 + 4,200 − 2,800 = RM35,400. Modal akhir = 8,000 + 5,200 + 20,000 + 3,700 − 4,100 = RM32,800. Rugi = 35,400 − 32,800 = RM2,600."
F5 Chp 2,radio,Perak_Q26,A,B,C,D,D,Perak/Picture26.png,"中文：赊销 = 期末应收 + 收款 + 销货退回 − 期初应收 = 5,500 + 4,200 + 500 − 3,200 = RM7,000。
Bahasa Melayu: Jualan kredit = ABT akhir + penerimaan pelanggan + pulangan masuk − ABT awal = 5,500 + 4,200 + 500 − 3,200 = RM7,000."
F5 Chp 2,radio,KelantanYik_Q27,A,B,C,D,B,Kelantan YIK/Picture27.png,"中文：年初购入设备计全年折旧，6 月末购入计半年，12 月末购入不计本年月份；折旧 = 2,800 × 20% + 4,600 × 20% × 6/12 = RM1,020。
Bahasa Melayu: Susut nilai = 2,800 × 20% + 4,600 × 20% × 6/12 = RM1,020; aset akhir Disember tidak mempunyai bulan penggunaan dalam tahun semasa."
F5 Chp 2,radio,Pahang_Q27,A,B,C,D,C,Pahang/Picture27.png,"中文：现金簿收入分析可以找出现金销售收入，因此 Y 是现金销售。
Bahasa Melayu: Analisis penerimaan Buku Tunai dapat menentukan hasil jualan tunai, maka Y ialah jualan tunai."
F5 Chp 2,radio,KelantanYik_Q28,A,B,C,D,D,Kelantan YIK/Picture28.png,"中文：记录不完整源于未用复式记录、凭证遗失或未记交易；单纯记错交易不一定使记录不完整，因此 D 为例外。
Bahasa Melayu: Kesilapan mencatat urus niaga tidak semestinya menyebabkan rekod tidak lengkap; sebab utama ialah tiada catatan bergu, rekod hilang atau transaksi tidak dicatat."
F5 Chp 2,radio,KelantanYik_Q29,A,B,C,D,A,Kelantan YIK/Picture29.png,"中文：净利 = 期末资本 + 提款 − 期初资本 − 追加资本，所以 X 为提款，Y 为追加资本；63,500 − 59,820 = RM3,680。
Bahasa Melayu: Untung = modal akhir + ambilan − modal awal − modal tambahan. X ialah ambilan dan Y ialah modal tambahan; untung RM3,680."
F5 Chp 3,radio,NegeriSembilan_Q23,A,B,C,D,D,Negeri Sembilan/Picture23.png,"中文：未兑现支票已在现金簿扣除，但银行尚未扣款，因此银行结单余额较大。
Bahasa Melayu: Cek belum dikemukakan sudah mengurangkan Buku Tunai tetapi belum ditolak oleh bank, menyebabkan baki Penyata Bank lebih besar."
F5 Chp 3,radio,JohorSet_Q24,A,B,C,D,D,Johor Set 1/Picture24.png,"中文：现金控制确保现金流足以支付日常开支和债务，避免资金短缺。
Bahasa Melayu: Kawalan tunai memastikan aliran tunai mencukupi untuk membayar belanja dan hutang apabila perlu."
F5 Chp 3,radio,JohorSet_Q24,A,B,C,D,C,Johor Set 2/Picture24.png,"中文：银行调节表比较现金簿与银行结单，找出时间差与记录错误，是现金控制工具。
Bahasa Melayu: Penyata Penyesuaian Bank mengenal pasti perbezaan masa dan kesilapan antara Buku Tunai dengan Penyata Bank."
F5 Chp 3,radio,NegeriSembilan_Q24,A,B,C,D,B,Negeri Sembilan/Picture24.png,"中文：银行显示收到 RM2,500，却在现金簿贷方误记付款；借方须补 RM5,000，先撤销误记 2,500 再记录收款 2,500。
Bahasa Melayu: Penerimaan RM2,500 tersalah dicatat sebagai pembayaran; debit RM5,000 diperlukan untuk membatalkan kredit RM2,500 dan merekod debit sebenar RM2,500."
F5 Chp 3,radio,JohorSet_Q25,A,B,C,D,A,Johor Set 1/Picture25.png,"中文：支票实际为 RM1,270，现金簿误记 RM1,720，付款多记 RM450；应在银行栏借方补记 RM450。
Bahasa Melayu: Bayaran sebenar RM1,270 tersalah catat RM1,720; kredit terlebih RM450 dibetulkan dengan debit bank RM450."
F5 Chp 3,radio,JohorSet_Q25,A,B,C,D,B,Johor Set 2/Picture25.png,"中文：银行结单余额 = −25,600 + 2,480 − 1,670 = −RM24,790，仍为透支。
Bahasa Melayu: Baki Penyata Bank = −25,600 + 2,480 − 1,670 = −RM24,790, iaitu overdraf."
F5 Chp 3,radio,Kelantan_Q25,A,B,C,D,D,Kelantan/Picture25.png,"中文：所有现金交易须及时记现金簿并有有效凭证，以便核查和防止现金滥用。
Bahasa Melayu: Semua transaksi tunai perlu direkod dalam Buku Tunai dengan bukti sah bagi membolehkan semakan dan kawalan."
F5 Chp 3,radio,NegeriSembilan_Q25,A,B,C,D,D,Negeri Sembilan/Picture25.png,"中文：11 月销售 = 80,000 × 110% = RM88,000；12 月收回上月赊销 = 88,000 × 30% = RM26,400。
Bahasa Melayu: Jualan November = 80,000 × 110% = RM88,000; kutipan kredit Disember = 88,000 × 30% = RM26,400."
F5 Chp 3,radio,Perlis_Q25,A,B,C,D,B,Perlis/Picture25.png,"中文：现金控制的目的之一是确保有足够现金支付营业费用及到期债务。
Bahasa Melayu: Kawalan tunai memastikan perniagaan mempunyai tunai yang mencukupi untuk pembayaran belanja dan hutang."
F5 Chp 3,radio,Selangor_Q25,A,B,C,D,B,Selangor/Picture25.png,"中文：现金控制有助防止挪用、舞弊及现金失窃。
Bahasa Melayu: Kawalan tunai bertujuan mencegah penyelewengan, penyalahgunaan dan kecurian wang."
F5 Chp 3,radio,JohorSet_Q26,A,B,C,D,D,Johor Set 1/Picture26.png,"中文：出售打印机及定存利息产生现金流入；员工薪金和保险是现金流出，因此 III、IV 是收款。
Bahasa Melayu: Jualan mesin pencetak dan faedah simpanan tetap ialah penerimaan; gaji dan insurans ialah pembayaran. III dan IV betul."
F5 Chp 3,radio,JohorSet_Q26,A,B,C,D,C,Johor Set 2/Picture26.png,"中文：增加销售可增加现金收入，改善现金预算短缺；购买更多资产或付款会增加现金流出。
Bahasa Melayu: Meningkatkan jualan membantu menambah penerimaan tunai dan mengatasi kurangan Belanjawan Tunai."
F5 Chp 3,radio,Kedah_Q26,A,B,C,D,D,Kedah/Picture26.png,"中文：未入账存款已记现金簿，只是银行尚未处理，因此列银行调节表，不再更新现金簿。
Bahasa Melayu: Deposit belum dikreditkan sudah dicatat dalam Buku Tunai; ia dimasukkan dalam penyesuaian bank, bukan Buku Tunai dikemas kini."
F5 Chp 3,radio,Kelantan_Q26,A,B,C,D,C,Kelantan/Picture26.png,"中文：从银行结单余额开始，须加上银行尚未记入的存款 RM2,300，以调至现金簿余额。
Bahasa Melayu: Deposit belum dikreditkan RM2,300 ditambah kepada baki Penyata Bank untuk mendapatkan baki Buku Tunai."
F5 Chp 3,radio,Perlis_Q26,A,B,C,D,A,Perlis/Picture26.png,"中文：实际付款 RM3,400 却记录 RM4,300，多贷记银行 RM900，须借记 RM900 调整。
Bahasa Melayu: Bayaran sebenar RM3,400 direkod RM4,300; bank terlebih dikreditkan RM900, maka debit bank RM900."
F5 Chp 3,radio,Selangor_Q26,A,B,C,D,C,Selangor/Picture26.png,"中文：银行已记贷项转账，但企业可能尚未记入现金簿，造成两者余额差异。
Bahasa Melayu: Pindahan kredit mungkin telah direkod bank tetapi belum dalam Buku Tunai, menyebabkan perbezaan baki."
F5 Chp 3,radio,Terengganu_Q26,A,B,C,D,B,Terengganu/Picture26.png,"中文：现金簿贷方多记190先补回；银行结单余额 =12,150 +190 +450 −2,300 = RM10,490。
Bahasa Melayu: Pembetulan kredit terlebih catat menambah190. Baki Penyata Bank =12,150 +190 +cek belum dikemukakan450 −deposit belum dikreditkan2,300 = RM10,490."
F5 Chp 3,radio,Kedah_Q27,A,B,C,D,C,Kedah/Picture27.png,"中文：银行结单借方 RM800 表示透支；现金簿余额 = −800 − 2,500 + 3,000 = −RM300，即贷方余额。
Bahasa Melayu: Baki debit Penyata Bank ialah overdraf RM800. Baki Buku Tunai = −800 − 2,500 + 3,000 = −RM300, iaitu kredit."
F5 Chp 3,radio,Kelantan_Q27,A,B,C,D,B,Kelantan/Picture27.png,"中文：8 月收款 = 现金销售 15,000 + 赊销收回 10,000 × 40% = RM19,000。
Bahasa Melayu: Penerimaan Ogos = jualan tunai 15,000 + 40% × 10,000 = RM19,000."
F5 Chp 3,radio,Perak_Q27,A,B,C,D,C,Perak/Picture27.png,"中文：银行调节表调节现金簿与银行结单余额；现金预算预测现金收入和付款。
Bahasa Melayu: Penyata Penyesuaian Bank menyelaraskan baki Buku Tunai dengan Penyata Bank; Belanjawan Tunai menganggarkan penerimaan dan pembayaran tunai."
F5 Chp 3,radio,Perlis_Q27,A,B,C,D,C,Perlis/Picture27.png,"中文：期末现金 = 3,000 + 19,000 − 9,400 = RM12,600。
Bahasa Melayu: Baki akhir tunai = 3,000 + 19,000 − 9,400 = RM12,600."
F5 Chp 3,radio,Selangor_Q27,A,B,C,D,B,Selangor/Picture27.png,"中文：1月赊销 RM20,000，2月收50%，3月收其余50%：20,000 × 50% = RM10,000。
Bahasa Melayu: Jualan kredit Januari RM20,000; 50% diterima Februari dan baki 50% pada Mac, iaitu RM10,000."
F5 Chp 3,radio,Terengganu_Q27,A,B,C,D,C,Terengganu/Picture27.png,"中文：现金预算预测各期收款、付款及余额，帮助安排现金使用及融资。
Bahasa Melayu: Belanjawan Tunai merancang penggunaan wang melalui anggaran penerimaan, pembayaran dan baki tunai."
F5 Chp 3,radio,Kedah_Q28,A,B,C,D,B,Kedah/Picture28.png,"中文：客户清偿 RM2,000 带来实际现金流入，应计现金预算；赊销及坏账调整没有即时现金流。
Bahasa Melayu: ABT menjelaskan RM2,000 menghasilkan penerimaan tunai; jualan kredit dan pelarasan hutang tidak melibatkan aliran tunai serta-merta."
F5 Chp 3,radio,Pahang_Q28,A,B,C,D,D,Pahang/Picture28.png,"中文：现金控制确保企业有足够现金流支付日常开支和到期债务。
Bahasa Melayu: Kawalan tunai memastikan aliran tunai mencukupi untuk membayar belanja dan hutang apabila matang."
F5 Chp 3,radio,Perak_Q28,A,B,C,D,A,Perak/Picture28.png,"中文：实际付款 RM2,350 却贷记银行 RM3,250，多扣 RM900，须借记银行 RM900 补回。
Bahasa Melayu: Bayaran sebenar RM2,350 direkod RM3,250, menyebabkan bank terlebih dikreditkan RM900; debit bank RM900 untuk pembetulan."
F5 Chp 3,radio,Pahang_Q29,A,B,C,D,D,Pahang/Picture29.png,"中文：以银行结单透支 RM2,000 开始，加未入账存款 RM3,000、减未兑现支票 RM800，得现金簿借方余额 RM200。
Bahasa Melayu: Bermula dengan baki debit Penyata Bank atau overdraf RM2,000: −2,000 + 3,000 − 800 = RM200 baki debit Buku Tunai."
F5 Chp 3,radio,KelantanYik_Q30,A,B,C,D,A,Kelantan YIK/Picture30.png,"中文：银行结单提供银行期末余额及收付款资料，并可与现金簿核对；I、II、III 正确。
Bahasa Melayu: Penyata Bank menunjukkan baki akhir serta penerimaan dan pembayaran, dan membolehkan perbandingan dengan Buku Tunai; I, II dan III betul."
F5 Chp 3,radio,Pahang_Q30,A,B,C,D,A,Pahang/Picture30.png,"中文：现金盈余只比较收入与付款：15,680 − 5,200 = RM10,480；期初余额不属于本月盈余。
Bahasa Melayu: Lebihan tunai = penerimaan 15,680 − pembayaran 5,200 = RM10,480; baki awal tidak dimasukkan dalam pengiraan lebihan."
F5 Chp 4,radio,JohorSet_Q27,A,B,C,D,A,Johor Set 1/Picture27.png,"中文：按课本中的《1961 合伙法》默认规则，合伙人贷款利息为每年 8%。
Bahasa Melayu: Menurut peruntukan Akta Perkongsian 1961 yang dipelajari, faedah pinjaman pekongsi ialah 8% setahun jika tiada perjanjian."
F5 Chp 4,radio,JohorSet_Q27,A,B,C,D,B,Johor Set 2/Picture27.png,"中文：往来账户贷方记录合伙人应得的利息、薪金及利润，表示合伙人对企业的权益。
Bahasa Melayu: Kredit Akaun Semasa merekod hak pekongsi seperti faedah modal, gaji dan kongsi untung, iaitu tuntutan pekongsi terhadap perkongsian."
F5 Chp 4,radio,NegeriSembilan_Q27,A,B,C,D,C,Negeri Sembilan/Picture27.png,"中文：提款利息 = 1,800 × 5% × 12/12 + 1,800 × 5% × 6/12 = RM135，记合伙人往来账户借方。
Bahasa Melayu: Faedah ambilan = 1,800 × 5% + 1,800 × 5% × 6/12 = RM135, didebitkan dalam Akaun Semasa."
F5 Chp 4,radio,JohorSet_Q28,A,B,C,D,C,Johor Set 1/Picture28.png,"中文：可分利润 = 24,000 + 180 − 8,000 − 200 × 12 = RM13,780；平均分配后每人 RM6,890。
Bahasa Melayu: Untung boleh agih = 24,000 + 180 − 8,000 − (200 × 12) = RM13,780; bahagian setiap pekongsi = RM6,890."
F5 Chp 4,radio,JohorSet_Q28,A,B,C,D,D,Johor Set 2/Picture28.png,"中文：可分利润总额 = 18,000 + 2,800 − 4,500 = RM16,300；贷款利息已在计算净利时扣除，不重复扣。
Bahasa Melayu: Jumlah untung boleh agih = 18,000 + 2,800 − 4,500 = RM16,300. Faedah pinjaman sudah diambil kira dalam untung bersih dan tidak ditolak sekali lagi."
F5 Chp 4,radio,Kelantan_Q28,A,B,C,D,B,Kelantan/Picture28.png,"中文：没有另定合伙协议时，课本引用《1961 合伙法》规定利润与亏损由合伙人平均分配。
Bahasa Melayu: Jika tiada perjanjian, Akta Perkongsian 1961 menetapkan untung dan rugi dibahagi sama rata antara pekongsi."
F5 Chp 4,radio,NegeriSembilan_Q28,A,B,C,D,C,Negeri Sembilan/Picture28.png,"中文：本月现金盈余 = 收款 20,900 − 付款 13,520 = RM7,380；期初透支只影响期末余额，不改变本月盈余。
Bahasa Melayu: Lebihan tunai bulan semasa = 20,900 − 13,520 = RM7,380; baki awal mempengaruhi baki akhir, bukan lebihan."
F5 Chp 4,radio,Perlis_Q28,A,B,C,D,A,Perlis/Picture28.png,"中文：没有合伙协议时利润平均分配，不按出资比例；每人 = 50,000 ÷ 2 = RM25,000。
Bahasa Melayu: Tanpa ikatan perkongsian, untung dibahagi sama rata tanpa mengikut modal: 50,000 ÷ 2 = RM25,000 setiap pekongsi."
F5 Chp 4,radio,Selangor_Q28,A,B,C,D,C,Selangor/Picture28.png,"中文：合伙经营可结合不同合伙人的知识、技能及专长。
Bahasa Melayu: Perkongsian membolehkan kepakaran dan kemahiran pelbagai pekongsi dikongsi."
F5 Chp 4,radio,Terengganu_Q28,A,B,C,D,A,Terengganu/Picture28.png,"中文：没有合伙协议时，利润或亏损按法定默认方式平均分配。
Bahasa Melayu: Tanpa ikatan perkongsian, untung atau rugi dibahagikan sama rata."
F5 Chp 4,radio,JohorSet_Q29,A,B,C,D,B,Johor Set 1/Picture29.png,"中文：固定资本维持 RM20,000 和 RM15,000；Alya 往来账户 = 8,679 + 1,000 + 3,600 − 2,000 − 6,454 = 4,825；Danish = 7,453 + 750 − 3,227 = 4,976。
Bahasa Melayu: Modal tetap kekal RM20,000 dan RM15,000. Akaun Semasa Alya = RM4,825 dan Danish = RM4,976 selepas faedah modal, gaji, bayaran dan rugi."
F5 Chp 4,radio,JohorSet_Q29,A,B,C,D,C,Johor Set 2/Picture29.png,"中文：按本题答案的处理，权益 = 50,000 + 30,000 − 7,850 + 3,330 + 80,000 × 10% = RM83,480；往来账户借方须扣除。
Bahasa Melayu: Mengikut pengiraan yang dimaksudkan soalan, ekuiti = 50,000 + 30,000 − 7,850 + 3,330 + (80,000 × 10%) = RM83,480; baki debit Akaun Semasa ditolak."
F5 Chp 4,radio,Kedah_Q29,A,B,C,D,C,Kedah/Picture29.png,"中文：合伙人薪金属于利润分配项目，记利润分配账户；贷款利息是损益账户费用。
Bahasa Melayu: Gaji pekongsi direkod dalam Akaun Pengasingan Untung Rugi; faedah pinjaman ialah belanja dalam Untung Rugi."
F5 Chp 4,radio,Kelantan_Q29,A,B,C,D,B,Kelantan/Picture29.png,"中文：可分利润 = 48,000 + 830 − 10,000 − 3,000 − 3,000 = RM32,830；贷款利息已扣入净利，不再扣。
Bahasa Melayu: Untung boleh agih = 48,000 + 830 − 10,000 − 3,000 − 3,000 = RM32,830; faedah pinjaman tidak ditolak sekali lagi."
F5 Chp 4,radio,Perak_Q29,A,B,C,D,C,Perak/Picture29.png,"中文：合伙人薪金和资本利息是利润分配项目，记利润分配账户借方；贷款利息属于损益费用。
Bahasa Melayu: Gaji pekongsi dan faedah atas modal didebitkan dalam Akaun Pengasingan Untung Rugi; faedah pinjaman ialah belanja Akaun Untung Rugi."
F5 Chp 4,radio,Perlis_Q29,A,B,C,D,C,Perlis/Picture29.png,"中文：提款利息 = 3,000 × 6% × 10/12 + 5,000 × 6% × 4/12 = 150 + 100 = RM250。
Bahasa Melayu: Faedah ambilan = 3,000 × 6% × 10/12 + 5,000 × 6% × 4/12 = 150 + 100 = RM250."
F5 Chp 4,radio,Selangor_Q29,A,B,C,D,B,Selangor/Picture29.png,"中文：4月1日至12月31日为9个月；Wawa：2,400 × 10% × 9/12 =180；Nana：3,600 × 10% × 9/12 =270。
Bahasa Melayu: Tempoh ambilan sembilan bulan. Wawa: 2,400 × 10% × 9/12 = RM180; Nana: 3,600 × 10% × 9/12 = RM270."
F5 Chp 4,radio,Terengganu_Q29,A,B,C,D,B,Terengganu/Picture29.png,"中文：合伙企业权益列资本账户及往来账户；合伙人贷款是负债，提款通过往来账户扣除。
Bahasa Melayu: Ekuiti pemilik merangkumi Akaun Modal dan Akaun Semasa; pinjaman pekongsi ialah liabiliti dan ambilan dilaras melalui Akaun Semasa."
F5 Chp 4,radio,JohorSet_Q30,A,B,C,D,D,Johor Set 1/Picture30.png,"中文：变现亏损 = 资产账面值 23,000 − 变现收入 20,800 + 清算费用 360 = RM2,560；按账面偿还负债不另产生亏损。
Bahasa Melayu: Rugi realisasi = 23,000 − 20,800 + 360 = RM2,560; pembayaran liabiliti pada nilai buku tidak menambah rugi realisasi."
F5 Chp 4,radio,JohorSet_Q30,A,B,C,D,B,Johor Set 2/Picture30.png,"中文：变现亏损 = 30,800 − 25,500 + 850 = RM6,150；按账面全额偿还负债不影响变现损益。
Bahasa Melayu: Rugi realisasi = 30,800 − 25,500 + 850 = RM6,150; liabiliti dijelaskan pada nilai buku."
F5 Chp 4,radio,Kedah_Q30,A,B,C,D,D,Kedah/Picture30.png,"中文：全年利息 = (40,000 + 35,000) × 5% + 6,000 × 5% × 8/12 = RM3,950。
Bahasa Melayu: Jumlah faedah modal = 75,000 × 5% + 6,000 × 5% × 8/12 = RM3,950."
F5 Chp 4,radio,Kelantan_Q30,A,B,C,D,D,Kelantan/Picture30.png,"中文：合伙人薪金及提款在往来账户记录；贷款属独立贷款账户，净利须先分配再记各人份额。
Bahasa Melayu: Gaji pekongsi dan ambilan dicatat dalam Akaun Semasa, iaitu III dan IV; pinjaman menggunakan akaun berasingan."
F5 Chp 4,radio,NegeriSembilan_Q30,A,B,C,D,A,Negeri Sembilan/Picture30.png,"中文：可分利润 = 20,800 − 1,200 − 2,200 = RM17,400；Zoe 按 3/4 分得 17,400 × 3/4 = RM13,050。
Bahasa Melayu: Untung boleh agih RM17,400; kongsi untung Zoe = 17,400 × 3/4 = RM13,050."
F5 Chp 4,radio,Perak_Q30,A,B,C,D,B,Perak/Picture30.png,"中文：资本合计 RM80,000；往来账户净余额 = 2,850 − 550 = RM2,300；业主权益 RM82,300。
Bahasa Melayu: Jumlah modal RM80,000; baki bersih Akaun Semasa = 2,850 − 550 = RM2,300. Ekuiti pemilik ialah RM82,300."
F5 Chp 4,radio,Perlis_Q30,A,B,C,D,A,Perlis/Picture30.png,"中文：全年贷款利息 = 10,000 × 8% = RM800，已付 RM500，尚欠 RM300 贷记 Haikal 往来账户。
Bahasa Melayu: Faedah pinjaman setahun = 10,000 × 8% = RM800; selepas bayaran RM500, baki belum bayar RM300 dikreditkan ke Akaun Semasa Haikal."
F5 Chp 4,radio,Selangor_Q30,A,B,C,D,B,Selangor/Picture30.png,"中文：资本合计 RM30,000；往来账户净额 = 2,570 − 450 = RM2,120；权益合计 RM32,120，Sarah 借方余额扣除。
Bahasa Melayu: Jumlah modal RM30,000; Akaun Semasa bersih = 2,570 − 450 = RM2,120. Ekuiti RM32,120; baki debit Sarah ditolak."
F5 Chp 4,radio,Terengganu_Q30,A,B,C,D,B,Terengganu/Picture30.png,"中文：资产变现亏损 =60,500 −42,500 =18,000；加变现费用2,500，合计 RM20,500。负债按原额清偿不产生额外盈亏。
Bahasa Melayu: Rugi aset =60,500 −42,500 =18,000. Tambah belanja realisasi2,500, jumlah rugi RM20,500; liabiliti yang dibayar pada nilai buku tidak menghasilkan untung atau rugi tambahan."
F5 Chp 4,radio,Kedah_Q31,A,B,C,D,D,Kedah/Picture31.png,"中文：往来账户期末余额 = −1,500 − 提款利息 300 + 分得利润 4,500 = RM2,700 贷方。
Bahasa Melayu: Baki Akaun Semasa = −1,500 − 300 + 4,500 = RM2,700 kredit."
F5 Chp 4,radio,Kelantan_Q31,A,B,C,D,A,Kelantan/Picture31.png,"中文：Rina 接收存货按协议价值 RM12,000 结算，借记 Rina 资本、贷记变现账户 RM12,000。
Bahasa Melayu: Inventori diambil alih pada RM12,000: debit Akaun Modal Rina dan kredit Akaun Realisasi RM12,000."
F5 Chp 4,radio,NegeriSembilan_Q31,A,B,C,D,A,Negeri Sembilan/Picture31.png,"中文：变现亏损 = 资产差额 (85,000 − 67,000) + 新发现电费 2,200 − 债务折扣 500 = RM19,700。
Bahasa Melayu: Rugi realisasi = (85,000 − 67,000) + 2,200 − 500 = RM19,700."
F5 Chp 4,radio,Pahang_Q31,A,B,C,D,A,Pahang/Picture31.png,"中文：没有合伙协议另行规定时，利润或亏损平均分配。
Bahasa Melayu: Jika tiada perjanjian lain, untung atau rugi perkongsian dibahagikan sama rata."
F5 Chp 4,radio,Perak_Q31,A,B,C,D,A,Perak/Picture31.png,"中文：Amy 按资本比例分利：64,500 × 40,000 ÷ (40,000 + 60,000) = RM25,800。
Bahasa Melayu: Kongsi untung Amy mengikut nisbah modal = 64,500 × 40,000 ÷ (40,000 + 60,000) = RM25,800."
F5 Chp 4,radio,Perlis_Q31,A,B,C,D,D,Perlis/Picture31.png,"中文：合伙人去世及法院命令都可导致解散；追加资本不会自动导致解散。
Bahasa Melayu: Kematian pekongsi dan perintah mahkamah boleh menyebabkan pembubaran; modal tambahan tidak menyebabkan pembubaran."
F5 Chp 4,radio,Selangor_Q31,A,B,C,D,C,Selangor/Picture31.png,"中文：借记银行、贷记变现账户表示资产售出收款 RM25,000。
Bahasa Melayu: Debit Bank dan kredit Realisasi merekod penerimaan RM25,000 daripada penjualan aset semasa pembubaran."
F5 Chp 4,radio,Kedah_Q32,A,B,C,D,A,Kedah/Picture32.png,"中文：变现账户贷方记录实际收到的应收款 RM3,000，摘要为银行；原应收账面值 RM3,360 则转入借方。
Bahasa Melayu: Kutipan ABT RM3,000 dicatat di kredit Akaun Realisasi sebagai Bank; nilai buku ABT RM3,360 dipindahkan ke debit."
F5 Chp 4,radio,KelantanYik_Q32,A,B,C,D,C,Kelantan YIK/Picture32.png,"中文：利润分配账户包含净利、资本利息、提款利息、合伙人津贴及分得利润，Y 为 Kongsi Untung。
Bahasa Melayu: Akaun Pengasingan Untung Rugi menunjukkan agihan kepada pekongsi; Y ialah Kongsi Untung."
F5 Chp 4,radio,Pahang_Q32,A,B,C,D,B,Pahang/Picture32.png,"中文：可分利润 = 6,000 − 1,200 + 300 = RM5,100；两位合伙人各得 5,100 ÷ 2 = RM2,550。
Bahasa Melayu: Untung boleh diagih = 6,000 − 1,200 + 300 = RM5,100; kongsi untung setiap pekongsi = 5,100 ÷ 2 = RM2,550."
F5 Chp 4,radio,Perak_Q32,A,B,C,D,D,Perak/Picture32.png,"中文：存货变现亏损 30,000 − 20,000 = 10,000；应收亏损 8,000 − 5,600 = 2,400；再加费用 1,400，合计 RM13,800。银行余额不转入变现账户。
Bahasa Melayu: Rugi inventori = 30,000 − 20,000 = 10,000; rugi ABT = 8,000 − 5,600 = 2,400. Tambah belanja 1,400, jumlah rugi realisasi RM13,800; baki bank tidak dipindahkan ke Akaun Realisasi."
F5 Chp 4,radio,Perlis_Q32,A,B,C,D,B,Perlis/Picture32.png,"中文：非现金资产 = 120,000 − 15,600 = 104,400；变现亏损 = 104,400 − 90,400 + 3,000 − (18,200 − 15,000) = RM13,800。
Bahasa Melayu: Aset bukan tunai = 120,000 − 15,600 = 104,400. Rugi realisasi = 104,400 − 90,400 + 3,000 − (18,200 − 15,000) = RM13,800."
F5 Chp 4,radio,KelantanYik_Q33,A,B,C,D,D,Kelantan YIK/Picture33.png,"中文：合伙协议规定薪金、利润亏损分配及资本利息；预测未来盈利不是约定分配条款，故 D 为例外。
Bahasa Melayu: Perjanjian perkongsian menetapkan gaji, pembahagian untung rugi dan faedah modal; unjuran keuntungan bukan perkara tersebut."
F5 Chp 4,radio,NegeriSembilan_Q33,A,B,C,D,B,Negeri Sembilan/Picture33.png,"中文：Liza 用私人资金代付供应商欠款，借记应付账款 RM8,000、贷记 Liza 资本 RM8,000。
Bahasa Melayu: Pekongsi menjelaskan liabiliti dengan wang sendiri: debit ABB RM8,000 dan kredit Akaun Modal Liza RM8,000."
F5 Chp 4,radio,Pahang_Q33,A,B,C,D,D,Pahang/Picture33.png,"中文：业主权益 = 40,000 + 30,000 + 15,500 − 6,429 = RM79,071；往来账户借方余额须扣除。
Bahasa Melayu: Ekuiti pemilik = 40,000 + 30,000 + 15,500 − 6,429 = RM79,071. Baki debit Akaun Semasa ditolak."
F5 Chp 4,radio,KelantanYik_Q34,A,B,C,D,C,Kelantan YIK/Picture34.png,"中文：资本账户显示各合伙人的投入资本，列在财务状况表业主权益部分。
Bahasa Melayu: Akaun Modal pekongsi ditunjukkan dalam bahagian Ekuiti Pemilik Penyata Kedudukan Kewangan."
F5 Chp 5,radio,NegeriSembilan_Q26,A,B,C,D,B,Negeri Sembilan/Picture26.png,"中文：将普通股申请款转为已发行股本时，借记普通股申请账户、贷记普通股资本 RM1,500,000。
Bahasa Melayu: Penerbitan syer memindahkan permohonan kepada modal: debit Permohonan Syer Biasa dan kredit Modal Syer Biasa RM1,500,000."
F5 Chp 5,radio,JohorSet_Q31,A,B,C,D,A,Johor Set 1/Picture31.png,"中文：普通股股息随公司利润与董事决定而变，股息率不固定；优先股通常有固定股息率。
Bahasa Melayu: Dividen syer biasa tidak tetap kerana bergantung pada keuntungan dan pengisytiharan syarikat."
F5 Chp 5,radio,JohorSet_Q31,A,B,C,D,B,Johor Set 2/Picture31.png,"中文：普通股股息率取决于公司利润，因此不固定；普通股股东通常有投票权。
Bahasa Melayu: Kadar dividen syer biasa bergantung pada keuntungan syarikat dan tidak tetap; pemegangnya lazimnya mempunyai hak mengundi."
F5 Chp 5,radio,Terengganu_Q31,A,B,C,D,A,Terengganu/Picture31.png,"中文：普通股股息随可分配利润及董事决定改变，没有固定股息率。
Bahasa Melayu: Kadar dividen syer biasa tidak tetap dan bergantung pada keuntungan serta keputusan pengagihan dividen."
F5 Chp 5,radio,JohorSet_Q32,A,B,C,D,B,Johor Set 1/Picture32.png,"中文：已发行资本 = 1,500,000 × RM1 + 1,500,000 × RM2 = RM4,500,000。
Bahasa Melayu: Modal diterbitkan = 1,500,000 × RM1 + 1,500,000 × RM2 = RM4,500,000."
F5 Chp 5,radio,JohorSet_Q32,A,B,C,D,A,Johor Set 2/Picture32.png,"中文：公司权益部分列出已发行且缴足的优先股和普通股资本，即 I 和 II。
Bahasa Melayu: Ekuiti pemilik memaparkan modal diterbitkan dan berbayar penuh bagi syer keutamaan serta syer biasa, iaitu I dan II."
F5 Chp 5,radio,Kelantan_Q32,A,B,C,D,B,Kelantan/Picture32.png,"中文：股息不固定、无欠付股息权且可在股东大会投票，都是普通股的特点。
Bahasa Melayu: Dividen tidak tetap, tiada tunggakan dividen dan hak mengundi ialah ciri syer biasa."
F5 Chp 5,radio,Selangor_Q32,A,B,C,D,C,Selangor/Picture32.png,"中文：按本题课本对累积优先股的处理，未付股息可累积至以后有利润时优先补付，并非亏损当年必定收到现金。
Bahasa Melayu: Mengikut layanan syer keutamaan kumulatif dalam soalan, dividen tertunggak boleh dibawa ke hadapan dan dibayar apabila keuntungan tersedia, bukan semestinya diterima ketika tahun rugi."
F5 Chp 5,radio,Terengganu_Q32,A,B,C,D,C,Terengganu/Picture32.png,"中文：答案 C 不正确，因为普通股没有预设固定股息率，不能要求两种股本都列固定股息率。题目 D 的每股价格说法也需谨慎：课本股本列示通常会注明股数及每股价值。
Bahasa Melayu: C tidak benar kerana syer biasa tiada kadar dividen tetap yang ditetapkan. Pernyataan D juga perlu diteliti kerana format modal dalam buku teks lazimnya menunjukkan bilangan dan nilai sesyer."
F5 Chp 5,radio,JohorSet_Q33,A,B,C,D,B,Johor Set 1/Picture33.png,"中文：普通股股息按股数计算：500,000 股 × RM0.25 = RM125,000，而不是按股本金额计算。
Bahasa Melayu: Dividen syer biasa = 500,000 unit × RM0.25 = RM125,000; kadar sesyer didarab bilangan unit syer."
F5 Chp 5,radio,JohorSet_Q33,A,B,C,D,D,Johor Set 2/Picture33.png,"中文：全年优先股股息 = 500,000 × 8% = RM40,000；半年期中股息 RM20,000，期末补付 RM20,000。
Bahasa Melayu: Dividen tahunan syer keutamaan = 500,000 × 8% = RM40,000; dividen interim enam bulan RM20,000 dan dividen akhir RM20,000."
F5 Chp 5,radio,Kedah_Q33,A,B,C,D,B,Kedah/Picture33.png,"中文：普通股股息由公司盈利和股息决定影响，股息率不固定。
Bahasa Melayu: Dividen syer biasa bergantung pada keuntungan syarikat dan kadarnya tidak tetap."
F5 Chp 5,radio,Kelantan_Q33,A,B,C,D,B,Kelantan/Picture33.png,"中文：每股价格 = 普通股资本 500,000 ÷ 1,000,000 股 = RM0.50。
Bahasa Melayu: Harga seunit syer biasa = 500,000 ÷ 1,000,000 = RM0.50."
F5 Chp 5,radio,Perak_Q33,A,B,C,D,D,Perak/Picture33.png,"中文：已发行及缴足股本 = 1,500,000 × RM1 + 1,000,000 × RM2 = RM3,500,000。
Bahasa Melayu: Modal diterbitkan dan berbayar penuh = 1,500,000 × RM1 + 1,000,000 × RM2 = RM3,500,000."
F5 Chp 5,radio,Perlis_Q33,A,B,C,D,C,Perlis/Picture33.png,"中文：答案 C 把 II、III 视为 Berhad 公司，与 Sdn. Bhd. 区分。不过 Berhad 身份不代表一定在交易所上市，本题“上市”字眼不够准确。
Bahasa Melayu: Jawapan C memilih II dan III sebagai syarikat Berhad berbanding Sdn. Bhd. Namun status Berhad tidak semestinya bererti tersenarai di Bursa; perkataan tersenarai dalam soalan kurang tepat."
F5 Chp 5,radio,Selangor_Q33,A,B,C,D,C,Selangor/Picture33.png,"中文：缴足股本 = 3,000,000 × RM2 + 3,000,000 × RM1 = RM9,000,000。
Bahasa Melayu: Modal diterbitkan dan berbayar penuh = 3,000,000 × RM2 + 3,000,000 × RM1 = RM9,000,000."
F5 Chp 5,radio,Terengganu_Q33,A,B,C,D,B,Terengganu/Picture33.png,"中文：优先股股息 =150,000 ×RM2 ×8% =24,000；普通股分得54,000 −24,000 =30,000；股息率 =30,000 ÷150,000 ×100% =20%。
Bahasa Melayu: Dividen keutamaan =150,000 ×RM2 ×8% =24,000. Dividen biasa =54,000 −24,000 =30,000; kadar =30,000 ÷150,000 ×100% =20%."
F5 Chp 5,radio,Kedah_Q34,A,B,C,D,C,Kedah/Picture34.png,"中文：优先股剩余半年股息 = 2,000 × 2 × 8% × 6/12 = RM160；普通股期末股息 = 1,000 × 1 × 5% = RM50；合计 RM210。
Bahasa Melayu: Dividen akhir keutamaan RM160 ditambah dividen biasa RM50 memberikan jumlah RM210."
F5 Chp 5,radio,Kelantan_Q34,A,B,C,D,C,Kelantan/Picture34.png,"中文：每年优先股股息 = 60,000 × 2 × 8% = RM9,600；2023 只付 6,000，欠 3,600，2024 合共应付 9,600 + 3,600 = RM13,200。
Bahasa Melayu: Dividen tahunan keutamaan RM9,600; tunggakan 2023 RM3,600 ditambah dividen 2024 menjadikan RM13,200."
F5 Chp 5,radio,NegeriSembilan_Q34,A,B,C,D,A,Negeri Sembilan/Picture34.png,"中文：7 月末已付期中股息后，余下 8 至 12 月为五个月；期末股息 = 25,000 × 2 × 6% × 5/12 = RM1,250。
Bahasa Melayu: Dividen akhir bagi lima bulan Ogos hingga Disember = 25,000 × 2 × 6% × 5/12 = RM1,250."
F5 Chp 5,radio,Pahang_Q34,A,B,C,D,D,Pahang/Picture34.png,"中文：已发行且缴足股本 = 300,000 × RM1 + 100,000 × RM2 = RM500,000；8% 是股息率。
Bahasa Melayu: Modal diterbitkan dan berbayar penuh = 300,000 × RM1 + 100,000 × RM2 = RM500,000; 8% ialah kadar dividen."
F5 Chp 5,radio,Perak_Q34,A,B,C,D,C,Perak/Picture34.png,"中文：按每股 RM0.30 计算，普通股股息 = 600,000 × 0.30 = RM180,000。题目多写的 sen 应理解为30仙。
Bahasa Melayu: Dividen syer biasa = 600,000 × RM0.30 = RM180,000. Perkataan sen selepas RM0.30 ialah kesilapan unit; maksudnya 30 sen sesyer."
F5 Chp 5,radio,Perlis_Q34,A,B,C,D,D,Perlis/Picture34.png,"中文：已发行股本 = 200,000 × RM1 + 50,000 × RM2 = RM300,000；8% 是股息率。
Bahasa Melayu: Modal diterbitkan = 200,000 × RM1 + 50,000 × RM2 = RM300,000; 8% ialah kadar dividen."
F5 Chp 5,radio,Selangor_Q34,A,B,C,D,A,Selangor/Picture34.png,"中文：普通股股息率 = 40,000 ÷ (2,000,000 × RM1) × 100% = 2%。
Bahasa Melayu: Kadar dividen syer biasa = 40,000 ÷ (2,000,000 × RM1) × 100% = 2%."
F5 Chp 5,radio,KelantanYik_Q35,A,B,C,D,B,Kelantan YIK/Picture35.png,"中文：优先股通常有固定股息率并先于普通股领取股息，I、III 正确；累积优先股可领取欠付股息。
Bahasa Melayu: Syer keutamaan menerima dividen pada kadar tetap dan didahulukan daripada syer biasa; I dan III betul."
F5 Chp 5,radio,Pahang_Q35,A,B,C,D,C,Pahang/Picture35.png,"中文：优先股股息 = 200,000 × RM2 × 6% = RM24,000；普通股股息 = 100,000 − 24,000 = RM76,000。
Bahasa Melayu: Dividen syer keutamaan = 200,000 × RM2 × 6% = RM24,000. Dividen syer biasa = 100,000 − 24,000 = RM76,000."
F5 Chp 5,radio,KelantanYik_Q36,A,B,C,D,D,Kelantan YIK/Picture36.png,"中文：公众公司股份可自由转让，课本规定至少两位董事，III、IV 正确；股东不限制为 1 至 50 人。
Bahasa Melayu: Syarikat awam membolehkan pindah milik syer secara bebas dan mempunyai sekurang-kurangnya dua pengarah; III dan IV betul."
F5 Chp 6,radio,NegeriSembilan_Q29,A,B,C,D,C,Negeri Sembilan/Picture29.png,"中文：向俱乐部委员会成员支付的感谢性酬金称为 Honorarium，属于收益性支出。
Bahasa Melayu: Bayaran sagu hati kepada ahli jawatankuasa atas sumbangannya dikenali sebagai honorarium."
F5 Chp 6,radio,JohorSet_Q34,A,B,C,D,B,Johor Set 1/Picture34.png,"中文：期末现金 = 200 + 200 + 120 + 150 − 40 − 20 − 250 = RM360；购买家具也是本期现金付款。
Bahasa Melayu: Baki akhir = 200 + 200 + 120 + 150 − 40 − 20 − 250 = RM360; pembelian perabot turut mengurangkan tunai."
F5 Chp 6,radio,JohorSet_Q34,A,B,C,D,A,Johor Set 2/Picture34.png,"中文：X 属现金收入，可为泳池租金收入；Y 属现金支付，可为酬金 Honorarium，所以 A 正确。
Bahasa Melayu: X ialah penerimaan seperti sewa kolam, manakala Y ialah pembayaran seperti honorarium. Padanan A betul."
F5 Chp 6,radio,Terengganu_Q34,A,B,C,D,A,Terengganu/Picture34.png,"中文：收到捐款属于现金收入，在收款与付款账户借方记录。
Bahasa Melayu: Derma diterima ialah penerimaan tunai dan direkod di sebelah debit Akaun Penerimaan dan Pembayaran."
F5 Chp 6,radio,JohorSet_Q35,A,B,C,D,A,Johor Set 1/Picture35.png,"中文：无法收回而注销的旧欠会费称为坏会费 Yuran Lapuk。
Bahasa Melayu: Yuran tertunggak yang tidak dapat dikutip dan dihapuskan dikenali sebagai yuran lapuk."
F5 Chp 6,radio,JohorSet_Q35,A,B,C,D,B,Johor Set 2/Picture35.png,"中文：折旧 = (12,500 − 2,500) × 20% = 2,000；账面值 8,000，售价 8,700，出售利润 RM700。
Bahasa Melayu: Susut nilai = (12,500 − 2,500) × 20% = RM2,000; nilai buku RM8,000 dan harga jualan RM8,700 memberikan untung RM700."
F5 Chp 6,radio,Kedah_Q35,A,B,C,D,A,Kedah/Picture35.png,"中文：购买长期使用的店屋是取得非流动资产，属于资本支出。
Bahasa Melayu: Pembelian lot kedai untuk kegunaan jangka panjang ialah perbelanjaan modal."
F5 Chp 6,radio,Kelantan_Q35,A,B,C,D,B,Kelantan/Picture35.png,"中文：会员会费是俱乐部持续、主要的收入来源；入会费与活动筹款通常是其他收入。
Bahasa Melayu: Yuran keahlian ialah sumber pendapatan utama kelab dan persatuan."
F5 Chp 6,radio,NegeriSembilan_Q35,A,B,C,D,C,Negeri Sembilan/Picture35.png,"中文：累积基金 = 设备 2,530 + 现金 1,130 + 存货 840 − 预收会费 130 = RM4,370。
Bahasa Melayu: Dana terkumpul = 2,530 + 1,130 + 840 − 130 = RM4,370."
F5 Chp 6,radio,Perak_Q35,A,B,C,D,B,Perak/Picture35.png,"中文：俱乐部及社团用收入与支出账户计算盈余或赤字，而非企业损益账户。
Bahasa Melayu: Kelab dan persatuan menyediakan Akaun Pendapatan dan Perbelanjaan untuk menentukan lebihan atau kurangan."
F5 Chp 6,radio,Perlis_Q35,A,B,C,D,A,Perlis/Picture35.png,"中文：期末现金 = 9,550 + 12,000 + 3,300 − 850 − 520 − 2,400 − 330 = RM20,750；预付及应付调整不改变实际现金。
Bahasa Melayu: Baki akhir = 9,550 + 12,000 + 3,300 − 850 − 520 − 2,400 − 330 = RM20,750; pelarasan prabayar dan belum bayar tidak mengubah tunai sebenar."
F5 Chp 6,radio,Selangor_Q35,A,B,C,D,D,Selangor/Picture35.png,"中文：社团的收入与支出账户用于计算本期盈余或赤字。
Bahasa Melayu: Kelab menyediakan Akaun Pendapatan dan Perbelanjaan untuk menentukan lebihan atau kurangan semasa."
F5 Chp 6,radio,Terengganu_Q35,A,B,C,D,C,Terengganu/Picture35.png,"中文：本期会费 =2024年实收26,400 +期初预收2,380 +期末应收800 = RM29,580。旧年收款及翌年预收不计本期；旧欠注销另记费用。
Bahasa Melayu: Yuran semasa =kutipan 2024 sebanyak26,400 +belum terperoleh awal2,380 +belum terima akhir800 = RM29,580. Kutipan tahun lama dan prabayar tahun depan dikecualikan; yuran lapuk ialah belanja berasingan."
F5 Chp 6,radio,JohorSet_Q36,A,B,C,D,B,Johor Set 1/Picture36.png,"中文：本期税费 = 已付 6,000 + 期末欠付 1,000 − 期初欠付 500 = RM6,500。
Bahasa Melayu: Belanja kadar bayaran = 6,000 + 1,000 − 500 = RM6,500 mengikut asas akruan."
F5 Chp 6,radio,JohorSet_Q36,A,B,C,D,A,Johor Set 2/Picture36.png,"中文：当年会费收入 = 已收 2024 会费 1,370 + 当年未收 25 = RM1,395；其他年度会费不计入。
Bahasa Melayu: Hasil yuran 2024 = 1,370 + 25 = RM1,395; kutipan yuran 2023 dan 2025 tidak termasuk hasil tahun semasa."
F5 Chp 6,radio,Kedah_Q36,A,B,C,D,D,Kedah/Picture36.png,"中文：X 在收款栏，可为场地租金收入；Y 在付款栏，可为税费，所以 D 正确。
Bahasa Melayu: X ialah penerimaan sewa gelanggang, manakala Y ialah pembayaran kadar bayaran; padanan D betul."
F5 Chp 6,radio,Kelantan_Q36,A,B,C,D,D,Kelantan/Picture36.png,"中文：收支账户贷方记录现金付款，酬金与场地维护费为付款，所以 I 和 IV 正确。
Bahasa Melayu: Honorarium dan penyelenggaraan gelanggang ialah pembayaran di kredit Akaun Penerimaan dan Pembayaran; I dan IV betul."
F5 Chp 6,radio,NegeriSembilan_Q36,A,B,C,D,D,Negeri Sembilan/Picture36.png,"中文：借方结平项 RM360 表示期末贷方余额，即尚未赚取的预收会费 Yuran Belum Terperoleh。图中坏会费写在贷方不合常规，但不影响 R 的选项判别。
Bahasa Melayu: R RM360 di debit menjadi baki kredit akhir, iaitu Yuran Belum Terperoleh. Catatan yuran lapuk di kredit dalam rajah tidak mengikut kebiasaan."
F5 Chp 6,radio,Pahang_Q36,A,B,C,D,D,Pahang/Picture36.png,"中文：期初应收会费是上年度尚未收到的会费，在本年度开始时仍欠收。
Bahasa Melayu: Yuran belum terima awal ialah yuran tahun lepas yang masih belum diterima pada awal tahun semasa."
F5 Chp 6,radio,Perak_Q36,A,B,C,D,B,Perak/Picture36.png,"中文：本期会费收入 = 2,000 − 150 + 250 − 180 = RM1,920；扣期初欠收及期末预收，加期末欠收。
Bahasa Melayu: Yuran semasa = 2,000 − 150 + 250 − 180 = RM1,920; tolak belum terima awal dan belum terperoleh akhir, tambah belum terima akhir."
F5 Chp 6,radio,Perlis_Q36,A,B,C,D,A,Perlis/Picture36.png,"中文：俱乐部为会员提供福利；公司以赚取利润为设立目的。
Bahasa Melayu: Kelab ditubuhkan untuk kebajikan ahli, manakala syarikat ditubuhkan untuk menjana keuntungan."
F5 Chp 6,radio,Selangor_Q36,A,B,C,D,A,Selangor/Picture36.png,"中文：会费账户期末在借方结转的余额表示预收会费，即本年收到、属于明年的会费。
Bahasa Melayu: Baki akhir yang dipindahkan pada sebelah debit Akaun Yuran menunjukkan yuran belum terperoleh, iaitu yuran tahun depan yang diterima tahun semasa."
F5 Chp 6,radio,Terengganu_Q36,A,B,C,D,B,Terengganu/Picture36.png,"中文：收入与支出账户按权责发生制计算俱乐部本期盈余或赤字。
Bahasa Melayu: Akaun Pendapatan dan Perbelanjaan menentukan lebihan atau kurangan pendapatan mengikut asas akruan."
F5 Chp 6,radio,JohorSet_Q37,A,B,C,D,A,Johor Set 1/Picture37.png,"中文：累积基金从 RM12,000 增至 RM16,500，增加 RM4,500 为盈余；俱乐部使用 Lebihan 而非 Untung Bersih。
Bahasa Melayu: Dana terkumpul meningkat daripada RM12,000 kepada RM16,500, maka S ialah lebihan RM4,500."
F5 Chp 6,radio,JohorSet_Q37,A,B,C,D,D,Johor Set 2/Picture37.png,"中文：指定用于兴建球场的捐款属于资本性收款，列入俱乐部财务状况表的基金项目。
Bahasa Melayu: Derma khas membina gelanggang ialah penerimaan modal yang ditunjukkan dalam bahagian dana Penyata Kedudukan Kewangan kelab."
F5 Chp 6,radio,Kedah_Q37,A,B,C,D,C,Kedah/Picture37.png,"中文：期初累积基金 = 21,000 − 4,200 = 16,800；加购相机指定捐款 5,000 与盈余 3,500，期末为 RM25,300；比赛利润已纳入盈余。
Bahasa Melayu: Dana akhir = (21,000 − 4,200) + 5,000 + 3,500 = RM25,300; untung pertandingan sudah termasuk dalam lebihan."
F5 Chp 6,radio,Kelantan_Q37,A,B,C,D,B,Kelantan/Picture37.png,"中文：累积基金 = 资产 (78,500 + 2,200 + 1,200 + 550 + 7,850) − 负债 (1,700 + 260 + 250) = RM88,090。
Bahasa Melayu: Dana terkumpul = jumlah aset RM90,300 − jumlah liabiliti RM2,210 = RM88,090."
F5 Chp 6,radio,KelantanYik_Q37,A,B,C,D,C,Kelantan YIK/Picture37.png,"中文：盈余 = 会费 9,500 − 教练津贴 3,500 − 税费 2,860 = RM3,140；作为结平项在收入支出账户借方。
Bahasa Melayu: Lebihan = 9,500 − 3,500 − 2,860 = RM3,140 dan dicatat sebagai angka imbangan di debit akaun."
F5 Chp 6,radio,Pahang_Q37,A,B,C,D,C,Pahang/Picture37.png,"中文：用于建设球场的捐款属于资本收入，因它资助长期设施。
Bahasa Melayu: Derma untuk membina gelanggang ialah pendapatan modal kerana membiayai kemudahan jangka panjang."
F5 Chp 6,radio,Perak_Q37,A,B,C,D,C,Perak/Picture37.png,"中文：本月会费 = 已收 9,000 + 应收 1,500 − 预收 500 = RM10,000。
Bahasa Melayu: Yuran bulan semasa = diterima 9,000 + belum terima 1,500 − belum terperoleh 500 = RM10,000."
F5 Chp 6,radio,Perlis_Q37,A,B,C,D,B,Perlis/Picture37.png,"中文：累积基金 = 总资产 − 负债 = 7,800 + 10,700 + 9,200 + 300 − 3,100 = RM24,900。
Bahasa Melayu: Dana terkumpul = jumlah aset − liabiliti = 7,800 + 10,700 + 9,200 + 300 − 3,100 = RM24,900."
F5 Chp 6,radio,Selangor_Q37,A,B,C,D,B,Selangor/Picture37.png,"中文：本期会费 = 8,600 − 实收旧年欠款550 + 本年欠收300 + 期初预收200 − 期末预收400 = RM8,150；剩余旧欠款150不算本年收入。
Bahasa Melayu: Yuran semasa = 8,600 − kutipan yuran lama 550 + belum terima semasa 300 + belum terperoleh awal 200 − belum terperoleh akhir 400 = RM8,150. Baki hutang lama RM150 bukan hasil tahun semasa."
F5 Chp 6,radio,Terengganu_Q37,A,B,C,D,D,Terengganu/Picture37.png,"中文：累积基金是资产减负债的净额，等同社团权益；它不是只显示会员所缴资金的账户。
Bahasa Melayu: Dana terkumpul ialah lebihan aset berbanding liabiliti dan mewakili ekuiti kelab, bukan hanya dana yang diterima daripada ahli berdaftar."
F5 Chp 6,radio,KelantanYik_Q38,A,B,C,D,A,Kelantan YIK/Picture38.png,"中文：期末累积基金 = 14,594 + 盈余 3,350 + 指定捐款 2,000 = RM19,944。
Bahasa Melayu: Dana terkumpul akhir = 14,594 + 3,350 + 2,000 = RM19,944."
F5 Chp 6,radio,Selangor_Q38,A,B,C,D,D,Selangor/Picture38.png,"中文：所列资产 = 16,200 + 3,500，负债 = 190 + 1,050；累积基金 = RM18,460。建祈祷室捐款为资本收入，不直接加进此列资产余额。
Bahasa Melayu: Dana terkumpul = aset (16,200 + 3,500) − liabiliti (190 + 1,050) = RM18,460. Derma membina surau ialah pendapatan modal dan tidak ditambah terus kepada baki aset yang disenaraikan."
F5 Chp 7,radio,NegeriSembilan_Q32,A,B,C,D,D,Negeri Sembilan/Picture32.png,"中文：生产账户汇总材料、人工和间接费用等，以显示制造产品的生产成本。
Bahasa Melayu: Akaun Pengeluaran menunjukkan kos bahan, buruh dan overhed yang terlibat dalam pengeluaran."
F5 Chp 7,radio,NegeriSembilan_Q37,A,B,C,D,A,Negeri Sembilan/Picture37.png,"中文：生产成本 = 期初在制品 9,800 + 原料 173,925 + 工厂租金 3,050 + 直接人工 29,200 − 期末在制品 11,300 = RM204,675。
Bahasa Melayu: Kos pengeluaran = 9,800 + 173,925 + 3,050 + 29,200 − 11,300 = RM204,675."
F5 Chp 7,radio,JohorSet_Q38,A,B,C,D,B,Johor Set 1/Picture38.png,"中文：生产成本由直接材料、直接人工、直接费用及间接费用组成，所以 M 为直接费用，N 为间接费用。
Bahasa Melayu: Kos pengeluaran terdiri daripada bahan langsung, buruh langsung, belanja langsung dan overhed. M ialah belanja langsung dan N ialah kos overhed."
F5 Chp 7,radio,JohorSet_Q38,A,B,C,D,B,Johor Set 2/Picture38.png,"中文：小工具折旧是间接生产费用，属于制造间接费用；生产工人工资为直接人工。
Bahasa Melayu: Susut nilai alatan kecil ialah kos overhed; gaji operator pengeluaran ialah kos buruh langsung."
F5 Chp 7,radio,Kedah_Q38,A,B,C,D,C,Kedah/Picture38.png,"中文：生产工人工资属直接人工，食用油属直接材料，两者计入主要成本；租金及经理薪金是间接费用。
Bahasa Melayu: Upah pekerja dan minyak masak ialah buruh langsung serta bahan langsung dalam kos prima; II dan III betul."
F5 Chp 7,radio,Kelantan_Q38,A,B,C,D,C,Kelantan/Picture38.png,"中文：工厂经理不直接制作产品，其薪金是间接人工成本，计制造间接费用。
Bahasa Melayu: Gaji pengurus kilang ialah buruh tidak langsung yang termasuk dalam kos overhed."
F5 Chp 7,radio,NegeriSembilan_Q38,A,B,C,D,B,Negeri Sembilan/Picture38.png,"中文：成本、销量与利润分析帮助确定达到损益平衡或目标利润所需销售量。
Bahasa Melayu: Analisis kos volum untung menentukan jumlah jualan yang perlu dicapai untuk mendapat keuntungan."
F5 Chp 7,radio,Pahang_Q38,A,B,C,D,B,Pahang/Picture38.png,"中文：制造成本 = 主要成本 + 间接费用 + 期初在制品 − 期末在制品，所以 X 是主要成本。
Bahasa Melayu: Kos pengeluaran = kos prima + kos overhed + kerja dalam proses awal − kerja dalam proses akhir; X ialah kos prima."
F5 Chp 7,radio,Perak_Q38,A,B,C,D,A,Perak/Picture38.png,"中文：制造账户先算直接材料，再加直接人工及直接费用求主要成本。
Bahasa Melayu: Dalam Akaun Pengeluaran, kos buruh langsung direkod selepas kos bahan langsung untuk mengira kos prima."
F5 Chp 7,radio,Perlis_Q38,A,B,C,D,A,Perlis/Picture38.png,"中文：固定成本不随产量改变；图中的固定成本为 RM10,000，在3,000单位时仍相同。
Bahasa Melayu: Kos tetap tidak berubah mengikut tingkat pengeluaran; nilai RM10,000 kekal pada pengeluaran 3,000 unit."
F5 Chp 7,radio,Terengganu_Q38,A,B,C,D,A,Terengganu/Picture38.png,"中文：工厂租金通常不随产量改变，属固定成本；按生产数量支付的特许权费属变动成本。
Bahasa Melayu: Sewa kilang ialah kos tetap, manakala royalti berdasarkan bilangan keluaran ialah kos berubah."
F5 Chp 7,radio,JohorSet_Q39,A,B,C,D,C,Johor Set 1/Picture39.png,"中文：生产成本 = 工人工资 10,300 + 原料 20,500 + 机器折旧 23,800 = RM54,600；制成品余额不另加入。
Bahasa Melayu: Kos pengeluaran = 10,300 + 20,500 + 23,800 = RM54,600; barang siap tidak ditambah sebagai komponen kos pengeluaran."
F5 Chp 7,radio,JohorSet_Q39,A,B,C,D,A,Johor Set 2/Picture39.png,"中文：生产成本 = 19,500 + 183,625 + 65,000 + 12,750 + 38,900 − 21,000 = RM298,775。
Bahasa Melayu: Kos pengeluaran = 19,500 + 183,625 + 65,000 + 12,750 + 38,900 − 21,000 = RM298,775."
F5 Chp 7,radio,Kedah_Q39,A,B,C,D,C,Kedah/Picture39.png,"中文：销售收入减去变动成本的余额称为贡献毛益 Margin Caruman，用于支付固定成本与形成利润。
Bahasa Melayu: Lebihan hasil jualan berbanding kos berubah ialah margin caruman, untuk menampung kos tetap dan untung."
F5 Chp 7,radio,Kelantan_Q39,A,B,C,D,B,Kelantan/Picture39.png,"中文：正确期末原料 = 10,300 − 1,430 = 8,870；直接材料 = 12,500 + 45,600 − 1,200 + 3,500 − 8,870 = 51,530。主要成本 = 51,530 + (24,000 − 6,000) + 8,500 = RM78,030。
Bahasa Melayu: Bahan langsung RM51,530, buruh langsung RM18,000 dan belanja langsung RM8,500 menghasilkan kos prima RM78,030 selepas pelarasan inventori dan gaji pengurus."
F5 Chp 7,radio,KelantanYik_Q39,A,B,C,D,A,Kelantan YIK/Picture39.png,"中文：工厂租金和机器折旧属于制造间接费用；按产品计算的特许费是直接费用，办公室税费不是工厂成本。
Bahasa Melayu: Sewa kilang dan susut nilai mesin ialah kos overhed; I dan II betul. Royalti ialah belanja langsung dan kadar bayaran pejabat bukan kos kilang."
F5 Chp 7,radio,NegeriSembilan_Q39,A,B,C,D,C,Negeri Sembilan/Picture39.png,"中文：损益平衡产量 = 固定成本 10,200 ÷ 单位贡献毛益 30 = 340 单位。
Bahasa Melayu: Titik pulang modal = kos tetap 10,200 ÷ margin caruman seunit 30 = 340 unit."
F5 Chp 7,radio,Pahang_Q39,A,B,C,D,C,Pahang/Picture39.png,"中文：成品销货退回影响销售收入，列在交易账户，而非制造账户。
Bahasa Melayu: Pulangan jualan barang siap mengurangkan jualan dalam Akaun Perdagangan, bukan Akaun Pengeluaran."
F5 Chp 7,radio,Perak_Q39,A,B,C,D,D,Perak/Picture39.png,"中文：盈亏平衡分析找出不盈不亏的生产或销售数量，帮助计划产量避免亏损。
Bahasa Melayu: Analisis titik pulang modal menentukan tahap pengeluaran atau jualan tanpa untung dan rugi untuk merancang pengeluaran."
F5 Chp 7,radio,Perlis_Q39,A,B,C,D,B,Perlis/Picture39.png,"中文：主要成本包括直接材料、直接人工及直接费用；图中 Y 是原材料，Z 是直接人工。
Bahasa Melayu: Kos prima terdiri daripada bahan langsung, buruh langsung dan belanja langsung; Y ialah bahan mentah dan Z buruh langsung."
F5 Chp 7,radio,Selangor_Q39,A,B,C,D,C,Selangor/Picture39.png,"中文：贡献毛益是销售收入超过变动成本的部分，用来弥补固定成本并赚取利润。
Bahasa Melayu: Margin caruman ialah lebihan hasil jualan berbanding kos berubah, digunakan untuk menampung kos tetap dan menghasilkan untung."
F5 Chp 7,radio,Terengganu_Q39,A,B,C,D,A,Terengganu/Picture39.png,"中文：主要成本 =直接材料8,600 +直接人工3,300 = RM11,900；机器折旧及间接人工属于间接费用。
Bahasa Melayu: Kos prima =bahan langsung8,600 +buruh langsung3,300 = RM11,900. Susut nilai mesin dan buruh tak langsung ialah kos overhed."
F5 Chp 7,radio,JohorSet_Q40,A,B,C,D,B,Johor Set 1/Picture40.png,"中文：目标利润 = 5,000 × (22.50 − 5.50) − 25,000 = RM60,000。
Bahasa Melayu: Untung sasaran = 5,000 × (22.50 − 5.50) − 25,000 = RM60,000."
F5 Chp 7,radio,JohorSet_Q40,A,B,C,D,D,Johor Set 2/Picture40.png,"中文：所需产量 = (固定成本 24,000 + 目标利润 3,000) ÷ (18 − 12) = 4,500 双。
Bahasa Melayu: Kuantiti diperlukan = (24,000 + 3,000) ÷ (18 − 12) = 4,500 unit."
F5 Chp 7,radio,Kedah_Q40,A,B,C,D,B,Kedah/Picture40.png,"中文：所需产量 = (12,000 + 6,000) ÷ (5.00 − 3.75) = 14,400 瓶。
Bahasa Melayu: Kuantiti untuk untung sasaran = (12,000 + 6,000) ÷ (5.00 − 3.75) = 14,400 unit."
F5 Chp 7,radio,Kelantan_Q40,A,B,C,D,C,Kelantan/Picture40.png,"中文：每单位贡献 = 2.50 − 1.70 = RM0.80；超出损益平衡点 8,000 − 3,000 = 5,000 单位，利润 = 5,000 × 0.80 = RM4,000。
Bahasa Melayu: Untung = (8,000 − 3,000) × (2.50 − 1.70) = RM4,000 kerana jualan melebihi titik pulang modal."
F5 Chp 7,radio,KelantanYik_Q40,A,B,C,D,B,Kelantan YIK/Picture40.png,"中文：生产账户汇总直接材料、直接人工及制造成本；销货成本是在交易账户计算，不列生产账户。
Bahasa Melayu: Kos jualan tidak dicatat dalam Akaun Pengeluaran; ia ditentukan dalam Akaun Perdagangan."
F5 Chp 7,radio,NegeriSembilan_Q40,A,B,C,D,B,Negeri Sembilan/Picture40.png,"中文：目标利润 = 8,000 × (6 − 2.50) − 12,000 = RM16,000。
Bahasa Melayu: Untung sasaran = 8,000 × (6 − 2.50) − 12,000 = RM16,000."
F5 Chp 7,radio,Pahang_Q40,A,B,C,D,D,Pahang/Picture40.png,"中文：单位变动成本 = (44,000 − 26,000) ÷ (20,000 − 10,000) = RM1.80；固定成本 = 26,000 − 10,000 × 1.80 = RM8,000。因此 III、IV 正确。
Bahasa Melayu: Kos berubah seunit = (44,000 − 26,000) ÷ (20,000 − 10,000) = RM1.80. Kos tetap = 26,000 − 10,000 × 1.80 = RM8,000; III dan IV benar."
F5 Chp 7,radio,Perak_Q40,A,B,C,D,B,Perak/Picture40.png,"中文：利润 = 3,750 × (9 − 5) − 10,000 = RM5,000；单位贡献先弥补固定成本。
Bahasa Melayu: Untung = 3,750 × (9 − 5) − 10,000 = RM5,000; sumbangan seunit digunakan untuk menampung kos tetap."
F5 Chp 7,radio,Perlis_Q40,A,B,C,D,C,Perlis/Picture40.png,"中文：新固定成本 = 45,000 + 10,000 = RM55,000；盈亏平衡量 = 55,000 ÷ 单位贡献5 = 11,000单位。
Bahasa Melayu: Kos tetap baharu = 45,000 + 10,000 = RM55,000. Titik pulang modal = 55,000 ÷ margin caruman 5 = 11,000 unit."
F5 Chp 7,radio,Selangor_Q40,A,B,C,D,A,Selangor/Picture40.png,"中文：新固定成本 = 11,000 + 7,000 =18,000；平衡量 =18,000 ÷ (24 − 15) =2,000单位；平衡销售额 =2,000 ×24 = RM48,000。
Bahasa Melayu: Kos tetap baharu RM18,000. TPM unit = 18,000 ÷ (24 − 15) = 2,000 unit; TPM nilai jualan = 2,000 × RM24 = RM48,000."
F5 Chp 7,radio,Terengganu_Q40,A,B,C,D,B,Terengganu/Picture40.png,"中文：新直接人工 =10,000 ×110% =11,000；单位变动成本 =(12,000 +11,000) ÷5,000 =4.60；平衡量 =8,800 ÷(9 −4.60) =2,000本。
Bahasa Melayu: Buruh langsung baharu =10,000 ×110% =11,000. Kos berubah seunit =(12,000 +11,000) ÷5,000 =RM4.60. TPM =8,800 ÷(9 −4.60) =2,000 buku."
